BoroCT2020,BoroCT2010,Ratio10CTpartTo20CT
5000100,5000100,1.0
5000200,5000200,1.0
5000400,5000400,0.9999999999999999
5001600,5001600,1.0000000000000002
5001901,5001900,0.2456964006259781
5001902,5001900,0.7543035993740218
5001903,5001900,0.0
5001904,5001900,0.0
5002001,5002000,0.5231932195624786
5002002,5002000,0.4768067804375214
5002300,5002300,1.0
5002400,5002400,1.0
5002500,5002500,1.0
5002701,5002701,1.0
5002702,5002702,0.9999999999999999
5002800,5002800,1.0
5003100,5003100,1.0
5003300,5003300,1.0
5003500,5003500,0.9999999999999999
5003700,5003700,1.0
5003800,5003800,1.0
5003900,5003900,0.9999999999999999
5004001,5004001,1.0
5004100,5004100,1.0
5004200,5004200,1.0
5004300,5004300,1.0
5004400,5004400,1.0
5004600,5004600,0.9999999999999999
5004800,5004800,1.0
5005001,5005001,1.0
5005002,5005002,1.0
5005100,5005100,1.0
5005200,5005200,1.0
5005300,5005300,1.0
5005400,5005400,1.0
5005600,5005600,0.9999999999999999
5005902,5005902,1.0
5006000,5006000,1.0
5006000,5021800,0.0
5006100,5006100,1.0
5006200,5006200,1.0
5006301,5006300,1.0
5006302,5006300,0.0
5006400,5006400,1.0
5006500,5006500,1.0
5006700,5006700,1.0000000000000002
5006800,5006800,1.0
5006900,5006900,1.0000000000000002
5007000,5007000,1.0
5007100,5007100,1.0
5007200,5007200,0.9999999999999999
5007300,5007300,1.0
5007400,5007400,1.0
5007500,5007500,1.0
5007600,5007600,1.0000000000000002
5007700,5007700,1.0
5007800,5007800,1.0
5007900,5007900,0.9999999999999999
5008300,5008300,0.9999999999999999
5008400,5008400,0.9999999999999998
5008500,5008500,1.0
5008600,5008600,1.0
5008700,5008700,1.0
5008900,5008900,1.0
5009000,5009000,1.0
5009200,5009200,1.0
5009301,5009300,0.8626494650723724
5009302,5009300,0.13735053492762744
5009600,5009600,1.0
5009600,5019400,0.0
5009800,5009800,1.0000000000000002
5011000,5011000,0.019867549668874173
5011502,5011502,1.0
5011701,5011700,0.9999999999999999
5011702,5009300,0.0
5011702,5011700,0.0
5011800,5011800,0.9999999999999999
5011900,5011900,0.9999999999999999
5012101,5012101,0.9999999999999999
5012102,5012102,1.0
5012300,5012300,1.0
5012500,5012500,1.0
5012701,5012701,0.9999999999999999
5012901,5012901,1.0
5013000,5013000,1.0
5013100,5013100,1.0
5013200,5013200,1.0000000000000004
5013300,5013300,1.0
5013500,5013500,1.0
5013800,5013800,1.0
5014100,5014100,0.9999999999999999
5014300,5014300,0.9999999999999999
5014400,5011000,0.9801324503311258
5014400,5014400,1.0
5014500,5014500,1.0000000000000002
5014701,5014701,1.0
5014702,5014702,1.0000000000000002
5014900,5014900,1.0
5015100,5015100,1.0
5015200,5015200,1.0
5015300,5015300,1.0
5015500,5015500,1.0
5015700,5015700,0.9999999999999999
5015800,5015800,1.0
5015900,5015900,1.0
5016000,5016000,1.0
5016100,5016100,1.0
5016200,5016200,0.9999999999999999
5016300,5016300,0.0
5016400,5016400,0.9999999999999999
5016500,5016500,1.0
5016600,5016600,1.0
5016700,5016700,1.0
5016900,5016900,1.0
5017100,5017100,0.0
5017300,5017300,1.0
5017500,5017500,1.0
5017701,5017701,1.0
5017702,5017702,0.9999999999999999
5017901,5017901,1.0
5017902,5017902,1.0
5018101,5018101,1.0
5018102,5018102,1.0
5018301,5018301,1.0
5018302,5018302,1.0
5018400,5018400,0.9999999999999999
5018501,5018500,0.2684168229306188
5018502,5018500,0.7315831770693813
5018900,5018900,1.0000000000000002
5019300,5019300,0.9999999999999999
5019400,5019400,0.9999999999999999
5019500,5019500,1.0
5019700,5019700,1.0
5019900,5019900,1.0
5020000,5020000,1.0
5020100,5020100,1.0
5020200,5020200,1.0
5020400,5020400,1.0
5020501,5020501,1.0
5020502,5020502,1.0
5020601,5020601,1.0
5020900,5020900,1.0
5021001,5021001,1.0
5021002,5021002,0.9999999999999999
5021100,5021100,1.0
5021200,5021200,1.0000000000000002
5021301,5021301,1.0
5021302,5021302,1.0000000000000002
5021501,5021501,1.0
5021502,5021502,0.9999999999999999
5021601,5021601,1.0000000000000002
5021602,5021602,1.0
5021700,5021700,1.0
5021800,5021800,1.0
5021900,5021900,1.0
5022000,5022000,1.0
5022101,5022101,1.0
5022102,5022102,1.0
5022200,5022200,1.0
5022300,5022300,1.0
5022401,5022401,1.0
5022403,5022403,1.0
5022404,5022404,1.0
5022500,5022500,1.0
5022701,5022701,1.0
5022702,5022702,1.0
5022703,5022703,1.0
5022800,5022800,1.0
5022901,5022901,0.9999999999999999
5022902,5022902,1.0
5023000,5023000,1.0
5023100,5023100,1.0
5023200,5023200,1.0
5023301,5023301,1.0000000000000002
5023302,5023302,1.0
5023501,5023501,1.0
5023502,5023502,1.0
5023600,5023600,1.0
5023702,5023702,1.0
5023703,5023703,1.0
5023704,5023704,1.0
5023800,5023800,1.0
5023900,5023900,1.0
5024000,5024000,1.0
5024100,5024100,1.0
5024300,5024300,1.0
5024400,5024400,1.0
5024501,5024501,0.9999999999999999
5024502,5024502,1.0
5024600,5024600,0.9999999999999999
5024700,5024700,1.0
5024800,5024800,0.9999999999999999
5024900,5024900,0.0
5025000,5025000,1.0
5025100,5025100,1.0
5025200,5025200,1.0
5025300,5025300,1.0
5025400,5025400,1.0
5025500,5025500,1.0
5025600,5025600,0.9999999999999999
5025700,5025700,1.0
5026100,5026100,1.0
5026300,5026300,1.0
5026400,5026400,1.0
5026500,5026500,1.0000000000000002
5026601,5026601,1.0000000000000002
5026602,5026602,1.0
5026701,5026701,1.0
5026702,5026702,1.0
5026900,5026900,1.0
5027300,5027300,1.0
5027401,5027401,0.9999999999999998
5027402,5027402,0.9999999999999999
5027600,5027600,1.0
5027600,5030200,0.0
5027700,5027700,0.9999999999999999
5027900,5027700,0.0
5027900,5027900,1.0
5028100,5028100,1.0
5028300,5028300,1.0
5028400,5028400,1.0
5028500,5028500,1.0
5028600,5028600,1.0
5028700,5028700,1.0
5028800,5028800,1.0
5028900,5028900,1.0
5029301,5029301,0.9999999999999999
5029302,5029302,0.9999999999999999
5029500,5029500,1.0
5029600,5029600,1.0
5029700,5029700,1.0000000000000002
5030000,5030000,1.0
5030100,5030100,1.0
5030201,5030200,0.40396084167885676
5030202,5030200,0.5960391583211432
5030701,5030701,1.0
5030900,5030900,1.0
5031000,5031000,1.0
5031000,5035600,0.0
5031200,5031200,0.9999999999999999
5031400,5031400,0.9999999999999999
5031600,5031600,1.0
5031800,5031800,1.0
5031900,5031900,1.0
5032300,5032300,1.0
5032400,5032400,1.0000000000000002
5032600,5032400,0.0
5032600,5032600,1.0
5032800,5032800,1.0
5033000,5033000,1.0
5033201,5033201,1.0
5033202,5033202,1.0
5033400,5033400,1.0
5033500,5033500,1.0
5033601,5033600,0.7519392372333549
5033602,5033600,0.2480607627666451
5033700,5033700,0.9999999999999998
5033801,5033800,0.5599790466212677
5033802,5033800,0.4400209533787323
5034000,5034000,1.0
5034200,5034200,1.0
5034300,5034300,1.0
5034400,5034400,1.0000000000000002
5034500,5034500,1.0
5034800,5034800,1.0
5035000,5035000,1.0
5035100,5035100,0.9999999999999999
5035600,5035600,1.0
5035600,5046201,0.0
5035800,5035800,0.9999999999999998
5035900,5035900,1.0
5036000,5036000,1.0
5036100,5036100,0.9999999999999999
5036300,5036300,1.0000000000000002
5036400,5036400,1.0
5036501,5036501,0.9999999999999999
5036502,5036502,1.0
5036700,5036700,1.0
5036800,5036800,0.9999999999999999
5036901,5036901,1.0
5036902,5036902,1.0
5037000,5037000,1.0
5037100,5037100,1.0000000000000002
5037200,5037200,0.9999999999999998
5037300,5037300,1.0
5037400,5037400,1.0
5037504,5037504,1.0
5037600,5037600,1.0
5037800,5037800,0.9999999999999998
5037900,5037900,1.0
5038000,5038000,1.0
5038100,5038100,0.9999999999999999
5038200,5038200,1.0
5038301,5038301,1.0
5038303,5038302,0.5882738290206355
5038304,5038302,0.41172617097936454
5038500,5038500,0.9999999999999999
5038600,5038600,0.9999999999999999
5038700,5038700,0.9999999999999999
5038800,5038800,1.0
5038900,5038900,1.0000000000000002
5039000,5039000,0.9999999999999999
5039100,5039100,1.0
5039200,5039200,1.0
5039300,5039300,0.9999999999999999
5039400,5039400,1.0
5039500,5039500,1.0000000000000002
5039600,5039600,0.9999999999999999
5039700,5039700,1.0
5039800,5039800,1.0
5039901,5039901,1.0
5039902,5039902,1.0
5040100,5040100,1.0
5040302,5040302,1.0
5040303,5040303,1.0
5040304,5040304,1.0
5040400,5040400,1.0
5040501,5040501,1.0
5040502,5040502,0.9999999999999999
5040600,5040600,1.0
5040701,5040701,1.0
5040702,5040702,1.0
5040800,5040800,1.0
5040900,5040900,1.0
5041100,5041100,1.0
5041300,5041300,1.0
5041400,5041400,0.9999999999999999
5041500,5041500,0.9999999999999999
5041800,5041800,0.9999999999999999
5041900,5041900,1.0
5042000,5042000,1.0
5042100,5042100,1.0
5042200,5042200,0.9999999999999999
5042300,5042300,1.0
5042400,5042400,1.0
5042500,5042500,1.0
5042600,5042600,1.0
5042800,5042800,1.0
5042901,5042901,0.9999999999999999
5042902,5042902,1.0
5043000,5043000,0.9999999999999998
5043101,5043100,0.5191115702479339
5043102,5043100,0.48088842975206614
5043400,5043400,1.0
5043501,5043500,1.0
5043502,5043500,0.0
5043503,5043500,0.0
5043600,5043600,1.0
5044200,5044200,1.0
5044400,5044400,0.9999999999999999
5044800,5044800,0.9999999999999999
5044901,5044901,1.0
5044902,5044902,0.9999999999999999
5045101,5045101,1.0
5045102,5045102,1.0
5045600,5045600,1.0000000000000002
5045800,5045800,1.0
5046000,5046000,1.0
5046203,5046201,0.24338047239356098
5046204,5046201,0.22969008575297128
5046205,5030200,0.0
5046205,5046201,0.16992628253347375
5046206,5046201,0.17560553633217993
5046207,5046201,0.18139762298781406
5046208,5046202,0.5732753413072369
5046209,5046202,0.4267246586927631
5048401,5048400,1.0
5048402,5048400,0.0
5050400,5050400,1.0
5051601,5051600,0.9999999999999999
5051602,5051600,0.0
47000100,47000100,1.0
47000200,47000200,1.0000000000000002
47000301,47000301,1.0
47000501,47000501,1.0
47000502,47000502,1.0
47000700,47000700,1.0
47000900,47000900,1.0
47001100,47001100,1.0
47001300,47001300,1.0
47001501,47001500,0.679920477137177
47001502,47001500,0.32007952286282304
47001801,47001800,1.0
47001802,47001800,0.0
47001803,47001800,0.0
47001804,47001800,0.0
47002000,47002000,1.0000000000000002
47002100,47002100,0.9999999999999999
47002200,47002200,0.9952308692824626
47002300,47002300,1.0
47002901,47002901,0.9999999999999999
47003000,47003000,1.0
47003101,47003100,0.9999999999999999
47003102,47003100,0.0
47003300,47003300,1.0000000000000002
47003400,47003400,1.0
47003500,47003500,1.0
47003600,47003600,1.0
47003700,47003700,1.0
47003800,47003800,1.0
47003900,47003900,1.0000000000000002
47004100,47004100,1.0
47004300,47004300,1.0
47004400,47004400,1.0
47004500,47004500,1.0
47004600,47004600,1.0
47004700,47004700,1.0
47004900,47004900,1.0
47005000,47005000,0.9999999999999999
47005100,47005100,1.0
47005100,47005900,0.0
47005201,47005201,1.0
47005202,47005202,1.0
47005301,47005300,0.989936440677966
47005302,47005300,0.0100635593220339
47005303,47005300,0.0
47005400,47005400,1.0
47005601,47005601,1.0
47005602,47005602,1.0
47005800,47005800,0.9999999999999999
47005900,47005900,1.0
47006000,47006000,0.9999999999999999
47006200,47006200,0.9999999999999999
47006300,47006300,1.0
47006400,47006400,1.0000000000000002
47006500,47006500,1.0
47006600,47006600,1.0
47006700,47006700,1.0
47006800,47006800,1.0000000000000002
47006901,47006900,0.4662143059089624
47006902,47006900,0.5337856940910376
47007000,47007000,1.0
47007100,47007100,1.0
47007200,47007200,1.0
47007400,47002200,0.004769130717537394
47007400,47007400,0.9999999999999999
47007500,47007500,0.9999999999999999
47007600,47007600,1.0
47007700,47007700,1.0000000000000002
47007800,47007800,1.0
47008000,47008000,1.0
47008200,47008200,1.0
47008400,47008400,1.0
47008500,47008500,1.0
47008600,47008600,0.0
47008800,47008800,1.0
47009001,47009000,0.5267201068804275
47009002,47009000,0.47327989311957247
47009201,47009200,0.3528210838901262
47009202,47009200,0.6471789161098738
47009401,47009400,0.5255813953488373
47009402,47009400,0.47441860465116276
47009600,47009600,1.0
47009800,47009800,1.0
47010000,47010000,0.9999999999999998
47010100,47010100,0.9999999999999999
47010200,47010200,1.0
47010401,47010400,0.5223425863236291
47010402,47010400,0.477657413676371
47010601,47010600,0.5569988036233122
47010602,47010600,0.4430011963766877
47010801,47010800,0.49696969696969695
47010802,47010800,0.503030303030303
47011000,47011000,1.0
47011200,47011200,1.0
47011400,47011400,1.0
47011600,47011600,1.0
47011700,47011700,1.0000000000000002
47011800,47011800,1.0
47011901,47011900,0.9999999999999999
47011902,47011900,0.0
47012000,47012000,0.9999999999999998
47012100,47012100,1.0
47012200,47012200,1.0000000000000002
47012600,47012600,0.9999999999999999
47012700,47012700,1.0
47012801,47012801,1.0
47012901,47012901,1.0000000000000002
47012902,47012901,0.0
47012902,47012902,0.9999999999999999
47013000,47013000,1.0
47013100,47013100,0.9999999999999999
47013200,47013200,1.0
47013300,47013300,1.0
47013400,47013400,0.9999999999999999
47013500,47013500,1.0
47013600,47013600,1.0
47013700,47013700,0.9999999999999999
47013800,47013800,0.9999999999999999
47013900,47013900,1.0
47014000,47014000,0.9999999999999998
47014101,47014100,0.44945309910507125
47014102,47014100,0.5505469008949287
47014200,47014200,1.0
47014300,47014300,1.0
47014500,47014500,0.9999999999999999
47014700,47014700,0.9999999999999999
47014800,47014800,1.0
47014901,47014900,0.29943729903536975
47014902,47014900,0.7005627009646302
47015000,47015000,1.0
47015100,47015100,1.0
47015200,47015200,0.9999999999999999
47015300,47015300,0.9999999999999999
47015400,47015400,0.0
47015500,47015500,1.0
47015700,47015700,0.9999999999999999
47015900,47015900,1.0000000000000002
47016000,47016000,1.0
47016100,47016100,1.0
47016200,47016200,0.9999999999999999
47016300,47016300,1.0
47016400,47016400,1.0
47016500,47016500,0.9999999999999999
47016600,47016600,1.0
47016700,47016700,1.0
47016800,47016800,1.0
47016900,47016900,1.0
47017000,47017000,1.0
47017100,47017100,0.9999999999999999
47017200,47017200,1.0
47017400,47017400,1.0000000000000002
47017500,47017500,1.0
47017600,47017600,1.0
47017700,47017700,0.0
47017800,47017800,0.9999999999999999
47017900,47017900,1.0
47018000,47018000,1.0
47018100,47018100,1.0000000000000002
47018200,47018200,1.0000000000000002
47018300,47018300,1.0
47018400,47018400,1.0
47018501,47018501,1.0
47018600,47018600,0.9999999999999999
47018700,47018700,1.0
47018800,47018800,1.0
47019000,47019000,1.0
47019100,47019100,1.0
47019200,47019200,1.0
47019300,47019300,1.0
47019400,47019400,1.0000000000000002
47019500,47019500,1.0
47019600,47019600,0.9999999999999998
47019700,47019700,0.9999999999999999
47019800,47019800,0.9999999999999999
47019900,47019900,1.0
47020000,47020000,1.0
47020100,47020100,1.0
47020200,47020200,0.9999999999999998
47020300,47020300,1.0
47020400,47020400,1.0
47020500,47020500,1.0
47020600,47020600,1.0000000000000002
47020700,47020700,1.0
47020800,47020800,1.0
47021000,47021000,1.0
47021100,47021100,0.9999999999999999
47021100,47054300,0.9785932721712538
47021200,47021200,1.0
47021300,47021300,1.0000000000000002
47021400,47021400,0.9999999999999999
47021500,47021500,1.0
47021600,47021600,0.9999999999999999
47021700,47021700,1.0
47021800,47021800,1.0
47021900,47021900,1.0
47022000,47022000,1.0
47022100,47022100,1.0
47022200,47022200,1.0
47022400,47022400,1.0
47022600,47022600,1.0
47022700,47022700,1.0
47022800,47022800,1.0
47022900,47022900,1.0
47023000,47023000,1.0
47023100,47023100,1.0
47023200,47023200,1.0
47023300,47023300,0.9999999999999999
47023400,47023400,0.9999999999999999
47023500,47023500,1.0
47023600,47023600,1.0
47023800,47023800,1.0000000000000002
47024000,47024000,0.9999999999999999
47024100,47024100,1.0
47024200,47024200,1.0000000000000002
47024300,47024300,0.9999999999999999
47024400,47024400,1.0
47024500,47024500,1.0
47024600,47024600,0.9999999999999999
47024700,47024700,1.0
47024800,47024800,1.0
47024900,47024900,0.9999999999999999
47025000,47025000,1.0
47025100,47025100,1.0
47025200,47025200,1.0
47025300,47025300,1.0
47025400,47025400,1.0
47025500,47025500,1.0
47025600,47025600,1.0
47025700,47025700,1.0
47025800,47025800,0.9999999999999999
47025901,47025901,1.0
47025902,47025902,1.0
47026000,47026000,1.0
47026100,47026100,1.0
47026200,47026200,1.0
47026300,47026300,1.0
47026400,47026400,1.0
47026500,47026500,1.0000000000000002
47026600,47026600,0.9999999999999999
47026700,47026700,1.0
47026800,47026800,0.9999999999999999
47026900,47026900,1.0
47027000,47027000,1.0
47027100,47027100,0.9999999999999999
47027200,47027200,1.0
47027300,47027300,1.0
47027400,47027400,1.0
47027500,47027500,0.9999999999999999
47027600,47027600,0.9999999999999998
47027700,47027700,0.9999999999999999
47027800,47027800,1.0
47027900,47027900,0.9999999999999999
47028000,47028000,1.0
47028100,47028100,1.0
47028200,47028200,1.0
47028300,47028300,1.0
47028400,47028400,1.0
47028501,47028501,1.0
47028502,47028502,1.0
47028600,47028600,1.0
47028700,47028700,1.0
47028800,47028800,1.0
47028900,47028900,1.0
47029000,47029000,0.9999999999999999
47029100,47029100,0.9999999999999999
47029200,47029200,1.0
47029300,47029300,1.0
47029400,47029400,1.0
47029500,47029500,1.0
47029600,47029600,1.0
47029700,47029700,1.0
47029800,47029800,1.0
47029900,47029900,1.0
47030000,47030000,0.9999999999999999
47030100,47030100,0.9999999999999998
47030200,47030200,1.0
47030300,47030300,1.0
47030400,47030400,1.0000000000000002
47030500,47030500,0.9999999999999999
47030600,47030600,1.0
47030700,47030700,1.0
47030800,47030800,0.9999999999999999
47030900,47030900,1.0
47031100,47031100,1.0
47031300,47031300,1.0
47031401,47031400,1.0
47031402,47031400,0.0
47031500,47031500,1.0
47031701,47031701,1.0
47031702,47031702,1.0
47031900,47031900,0.9999999999999999
47032100,47032100,1.0
47032300,47032300,0.9999999999999999
47032500,47032500,1.0
47032600,47032600,0.9999999999999999
47032700,47032700,1.0
47032800,47032800,1.0
47032900,47032900,1.0
47033000,47033000,1.0
47033100,47033100,1.0
47033300,47033300,1.0000000000000002
47033500,47033500,1.0
47033600,47033600,1.0000000000000002
47033701,47033700,0.5468940316686967
47033702,47033700,0.45310596833130334
47033900,47033900,1.0
47034000,47034000,0.9999999999999999
47034100,47034100,1.0000000000000002
47034200,47034200,0.9999999999999999
47034300,47034300,1.0
47034500,47034500,1.0
47034700,47034700,1.0
47034800,47034800,1.0
47034901,47034900,0.3977419951878586
47034902,47034900,0.6022580048121413
47035000,47035000,1.0
47035101,47035100,0.370676528170546
47035102,47035100,0.6293234718294541
47035200,47035200,1.0
47035301,47035300,0.47142026739004067
47035302,47035300,0.5285797326099593
47035400,47035400,1.0
47035500,47035500,1.0
47035601,47035601,1.0
47035602,47035602,1.0
47035701,47035700,1.0
47035702,47035700,0.0
47035900,47035900,1.0
47036001,47036001,1.0
47036002,47036002,1.0
47036100,47036100,1.0
47036200,47036200,1.0
47036300,47036300,1.0
47036400,47036400,1.0
47036501,47036501,1.0
47036502,47036502,1.0
47036600,47036600,1.0
47036700,47036700,1.0
47036900,47036900,1.0
47037000,47037000,1.0
47037100,47037100,1.0000000000000002
47037300,47037300,1.0
47037401,47037401,1.0
47037402,47037402,0.9999999999999999
47037500,47037500,1.0
47037700,47037700,1.0
47037900,47037900,1.0
47038100,47038100,1.0
47038200,47038200,1.0
47038300,47038300,1.0
47038500,47038500,1.0
47038600,47038600,1.0
47038700,47038700,1.0
47038800,47038800,1.0
47038900,47038900,1.0
47039000,47039000,1.0
47039100,47039100,0.9999999999999998
47039200,47039200,1.0
47039300,47039300,0.9999999999999999
47039400,47039400,1.0
47039500,47039500,0.9999999999999999
47039600,47039600,1.0
47039700,47039700,1.0
47039800,47039800,1.0
47039900,47039900,1.0
47040000,47040000,1.0
47040100,47040100,0.9999999999999999
47040200,47040200,0.9999999999999999
47040300,47040300,0.9999999999999999
47040400,47040400,1.0000000000000002
47040500,47040500,0.9999999999999998
47040600,47040600,1.0
47040700,47040700,1.0
47040800,47040800,0.9999999999999999
47040900,47040900,1.0
47041000,47041000,1.0
47041100,47041100,0.9999999999999999
47041200,47041200,1.0
47041300,47041300,1.0
47041401,47041401,1.0
47041402,47041402,0.9999999999999999
47041500,47041500,1.0
47041600,47041600,1.0
47041700,47041700,1.0
47041800,47041800,1.0
47041900,47041900,1.0
47042000,47042000,1.0
47042100,47042100,1.0
47042200,47042200,1.0
47042300,47042300,1.0
47042400,47042400,1.0
47042500,47042500,1.0
47042600,47042600,1.0
47042700,47042700,1.0
47042800,47042800,0.9999999999999999
47042900,47042900,1.0
47043000,47043000,1.0
47043100,47043100,1.0000000000000002
47043200,47043200,1.0
47043300,47043300,0.9999999999999999
47043400,47043400,1.0
47043500,47043500,0.9999999999999999
47043600,47043600,1.0
47043700,47043700,1.0
47043800,47043800,1.0
47043900,47043900,1.0
47044000,47044000,1.0
47044100,47044100,0.9999999999999999
47044200,47044200,1.0000000000000002
47044300,47044300,0.9999999999999999
47044400,47044400,1.0
47044500,47044500,1.0
47044600,47044600,1.0
47044600,47044800,0.0
47044700,47044700,1.0
47044800,47044800,1.0
47044901,47044900,0.9996589358799454
47044902,47044900,0.00034106412005457026
47045000,47045000,1.0
47045200,47045200,0.9999999999999999
47045300,47045300,0.9999999999999999
47045400,47045400,1.0
47045600,47045600,1.0
47045800,47045800,1.0
47046000,47046000,0.9999999999999999
47046201,47046201,1.0000000000000002
47046202,47046202,0.9999999999999999
47046400,47046400,1.0
47046800,47046800,1.0
47047000,47047000,1.0
47047200,47047200,1.0
47047400,47047400,0.9999999999999999
47047600,47047600,1.0000000000000002
47047700,47047700,1.0
47047800,47047800,1.0
47048000,47048000,1.0
47048100,47048100,1.0000000000000002
47048200,47048200,1.0
47048400,47048400,0.9999999999999999
47048500,47044900,0.0
47048500,47048500,1.0
47048600,47048600,0.9999999999999999
47048800,47048800,1.0
47048900,47048900,1.0
47049000,47049000,1.0
47049100,47049100,0.9999999999999999
47049200,47049200,1.0000000000000002
47049301,47049300,0.28327868852459015
47049302,47049300,0.7167213114754097
47049400,47049400,1.0
47049500,47049500,1.0
47049600,47049600,1.0
47049700,47049700,1.0
47049800,47049800,1.0
47049900,47049900,1.0
47050001,47050000,0.554691997697179
47050001,47050400,0.0
47050002,47050000,0.44530800230282097
47050100,47050100,1.0000000000000002
47050202,47050202,1.0
47050300,47050300,1.0
47050401,47050400,0.5506958250497017
47050402,47050400,0.4493041749502982
47050500,47050500,1.0
47050600,47050600,0.9999999999999999
47050700,47050700,1.0000000000000002
47050801,47050801,1.0
47050803,47050803,1.0
47050804,47050804,1.0
47050900,47050900,0.9999999999999999
47051001,47051001,1.0
47051002,47051002,1.0
47051100,47051100,1.0
47051200,47051200,1.0
47051300,47051300,1.0
47051400,47051400,1.0
47051500,47051500,1.0000000000000002
47051601,47051601,1.0
47051602,47051602,1.0
47051700,47051700,1.0
47051800,47051800,1.0
47051900,47051900,1.0
47052000,47052000,1.0
47052300,47052300,1.0000000000000002
47052500,47052500,0.9999999999999999
47052600,47052600,1.0
47052700,47052700,1.0
47052800,47052800,1.0
47052900,47052900,1.0
47053000,47053000,1.0
47053101,47053100,0.32745125942792086
47053102,47053100,0.6725487405720791
47053200,47053200,1.0
47053300,47053300,1.0
47053400,47053400,1.0
47053500,47053500,1.0000000000000002
47053700,47053700,0.9999999999999999
47053800,47053800,1.0
47053900,47053900,1.0
47054200,47054200,1.0
47054300,47054300,0.021406727828746176
47054400,47054400,1.0
47054500,47054500,1.0
47054600,47054600,1.0
47054700,47054700,1.0
47054800,47054800,0.9999999999999999
47054900,47054900,1.0000000000000002
47055000,47055000,1.0
47055100,47055100,1.0
47055200,47055200,0.9999999999999999
47055300,47055300,0.9999999999999999
47055400,47055400,1.0
47055500,47055500,1.0
47055600,47055600,0.9999999999999998
47055700,47055700,1.0
47055800,47055800,1.0
47056000,47056000,1.0
47056100,47056100,1.0
47056200,47056200,1.0000000000000002
47056301,47056300,0.969954128440367
47056302,47056300,0.03004587155963303
47056400,47056400,0.9999999999999999
47056500,47056500,0.9999999999999999
47056600,47056600,1.0
47056800,47056800,1.0
47056900,47056900,0.9999999999999999
47057000,47057000,1.0000000000000002
47057100,47057100,1.0
47057200,47057200,1.0
47057300,47057300,0.9999999999999999
47057400,47057400,0.9999999999999999
47057500,47057500,1.0
47057600,47057600,1.0
47057800,47057800,1.0
47057901,47057900,1.0
47057902,47057900,0.0
47058000,47058000,1.0
47058200,47058200,0.9999999999999999
47058400,47058400,1.0
47058600,47058600,1.0000000000000002
47058800,47058800,1.0
47058901,47058900,1.0
47058902,47058900,0.0
47059000,47059000,1.0
47059100,47059100,0.9999999999999999
47059200,47059200,1.0
47059300,47059300,1.0
47059402,47059402,1.0
47059403,47059401,0.4826953329837442
47059404,47059401,0.5173046670162559
47059600,47059600,1.0
47059800,47059800,1.0
47060000,47060000,0.9999999999999999
47060600,47060600,1.0
47060800,47060800,0.9999999999999999
47061002,47061002,1.0
47061003,47061003,1.0
47061004,47061004,1.0000000000000002
47061200,47061200,1.0
47061600,47061600,1.0
47062000,47062000,1.0
47062200,47062200,1.0000000000000002
47062600,47062600,1.0
47062800,47062800,0.9999999999999999
47062800,47066600,0.0
47063200,47063200,1.0
47063600,47063600,1.0
47063800,47063800,1.0
47064000,47064000,1.0
47064200,47064200,1.0
47064400,47064400,0.9999999999999998
47064600,47064600,1.0
47064800,47064800,1.0
47065000,47065000,1.0000000000000002
47065200,47065200,1.0
47065400,47065400,1.0
47065600,47065600,1.0000000000000002
47065800,47065800,1.0
47066000,47066000,1.0
47066200,47066200,1.0
47066600,47066600,0.0
47067000,47067000,0.9999999999999999
47067200,47067200,1.0
47067400,47067400,0.9999999999999999
47067600,47067600,1.0
47067800,47067800,0.9999999999999999
47068000,47068000,1.0
47068200,47068200,1.0
47068600,47068600,0.9999999999999999
47068800,47068800,1.0
47069000,47069000,1.0
47069200,47069200,1.0
47069601,47069601,0.9999999999999999
47069602,47069602,1.0
47069800,47069800,1.0
47070000,47070000,1.0
47070201,47070201,0.9999999999999999
47070202,47070202,1.0
47070203,47070203,0.0
47070601,47070600,1.0
47070602,47070600,0.0
47072000,47072000,1.0
47072200,47072200,0.9999999999999999
47072400,47072400,1.0
47072600,47072600,1.0
47072800,47072800,0.9999999999999999
47073000,47073000,1.0
47073200,47073200,1.0
47073400,47073400,1.0
47073600,47073600,1.0
47073800,47073800,1.0
47074000,47074000,0.9999999999999999
47074200,47074200,1.0
47074400,47074400,0.9999999999999999
47074600,47074400,0.0
47074600,47074600,1.0000000000000002
47074800,47074800,1.0
47075000,47075000,1.0
47075200,47075200,1.0
47075400,47075400,1.0
47075600,47075600,0.9999999999999998
47075800,47075800,1.0
47076000,47076000,1.0
47076200,47076200,0.9999999999999999
47076400,47076400,1.0
47076600,47076600,1.0
47076800,47076800,1.0
47077000,47077000,1.0
47077200,47077200,1.0
47077400,47077400,1.0
47077600,47077600,1.0
47078000,47078000,1.0
47078200,47078200,1.0
47078400,47078400,0.9999999999999999
47078601,47078600,0.5284304511278196
47078602,47078600,0.4715695488721805
47078801,47078800,0.5733489187609585
47078802,47078800,0.4266510812390415
47079001,47079000,0.26226933647428347
47079002,47079000,0.7377306635257165
47079201,47079200,0.3549862763037511
47079202,47079200,0.6450137236962488
47079400,47079400,1.0
47079601,47079601,1.0
47079602,47079602,1.0
47079801,47079801,1.0
47079802,47079802,1.0
47080000,47080000,1.0
47080200,47080200,1.0
47080400,47080400,1.0
47080600,47080600,1.0000000000000002
47080800,47080800,0.9999999999999999
47081000,47081000,1.0
47081400,47081400,1.0
47081600,47081600,1.0
47081800,47081800,1.0
47082000,47082000,1.0
47082200,47082200,1.0
47082400,47082400,1.0000000000000002
47082600,47082600,1.0
47082800,47082800,0.9999999999999999
47083000,47083000,1.0
47083200,47083200,1.0
47083400,47083400,1.0
47083600,47083600,1.0
47083800,47083800,1.0
47084000,47084000,1.0
47084600,47084600,1.0
47084800,47084800,1.0
47085000,47085000,1.0
47085200,47085200,1.0
47085400,47085400,0.9999999999999999
47085600,47085600,1.0
47085800,47085800,1.0
47086000,47086000,1.0
47086200,47086200,1.0
47086400,47086400,1.0000000000000002
47086600,47086600,0.9999999999999999
47086800,47086800,1.0
47087000,47087000,0.9999999999999999
47087200,47087200,1.0
47087401,47087401,1.0
47087600,47087600,1.0
47087800,47087800,1.0
47088001,47088000,0.5564093608103388
47088002,47088000,0.4435906391896612
47088200,47088200,1.0
47088400,47088400,1.0
47088600,47088600,0.9999999999999998
47088800,47088800,1.0
47089000,47089000,1.0
47089200,47089200,1.0
47089400,47089400,0.9999999999999999
47089600,47089600,1.0
47089800,47089800,1.0
47090000,47090000,1.0000000000000002
47090200,47090200,1.0
47090600,47090600,1.0
47090800,47090800,1.0000000000000002
47091000,47091000,1.0000000000000002
47091200,47091200,1.0
47091600,47091600,0.9999999999999999
47091800,47091800,1.0000000000000002
47092000,47092000,1.0
47092200,47092200,1.0
47092400,47092400,0.9999999999999998
47092800,47092800,0.9999999999999999
47093000,47093000,1.0
47093200,47093200,1.0
47093400,47093400,1.0
47093600,47093600,0.9999999999999999
47093800,47093800,1.0
47094401,47094401,1.0
47094402,47094402,1.0
47094600,47094600,1.0
47095000,47095000,0.9999999999999998
47095400,47095400,1.0
47095600,47095600,1.0
47095800,47095800,1.0
47096000,47096000,0.0
47096200,47096200,1.0
47096400,47096400,1.0
47096600,47096600,1.0
47096800,47096800,1.0
47097000,47097000,0.9999999999999999
47097400,47097400,1.0
47098200,47098200,1.0
47098400,47098400,0.9999999999999999
47098600,47098600,1.0
47098800,47098800,0.9999999999999999
47099000,47099000,1.0
47099200,47099200,1.0
47099400,47099400,0.9999999999999999
47099600,47099600,0.9999999999999998
47099800,47099800,1.0
47100400,47100400,1.0
47100600,47100600,1.0
47100800,47100800,0.9999999999999999
47101000,47101000,1.0
47101200,47101200,0.9999999999999999
47101400,47101400,1.0
47101600,47101600,1.0
47101800,47101800,1.0
47102000,47102000,1.0
47102200,47102200,0.9999999999999999
47102400,47102400,1.0
47102600,47102600,1.0
47102801,47102800,1.0
47102802,47102800,0.0
47103401,47103400,1.0
47103402,47103400,0.0
47105801,47105801,1.0
47105804,47105804,1.0000000000000002
47107001,47107000,1.0
47107002,47107000,0.0
47107003,47107000,0.0
47107800,47107800,1.0
47109800,47109800,1.0
47110400,47110400,1.0
47110600,47110600,1.0
47111000,47111000,1.0
47111600,47111600,1.0
47111800,47111800,1.0
47112000,47112000,1.0
47112200,47112200,1.0
47112400,47112400,0.9999999999999999
47112600,47112600,0.9999999999999999
47112800,47112800,1.0
47113000,47113000,0.9999999999999999
47113200,47113200,1.0
47113400,47113400,1.0
47114201,47114201,1.0000000000000002
47114202,47114202,1.0
47114400,47114400,1.0
47114600,47114600,1.0000000000000002
47115000,47115000,1.0
47115200,47115200,1.0
47115600,47115600,1.0
47115800,47115800,1.0
47116000,47116000,0.9999999999999999
47116200,47116200,1.0
47116400,47116400,1.0
47116600,47116600,1.0
47116800,47116800,0.9999999999999999
47117000,47117000,0.9999999999999999
47117201,47117201,1.0
47117202,47117202,1.0
47117400,47117400,1.0
47117601,47117601,1.0
47117602,47117602,1.0
47117800,47117800,1.0000000000000002
47118000,47118000,1.0
47118201,47118201,0.9999999999999999
47118202,47118202,0.9999999999999999
47118400,47118400,0.9999999999999999
47118600,47118600,0.9999999999999999
47118800,47118800,1.0
47119000,47119000,1.0
47119200,47119200,0.9999999999999999
47119400,47119400,1.0000000000000002
47119600,47119600,0.9999999999999998
47119800,47119800,0.9999999999999998
47120000,47120000,1.0
47120200,47120200,1.0
47120801,47120800,0.4033340792123518
47120802,47120800,0.4346609979861267
47120803,47120800,0.16200492280152157
47121000,47121000,1.0
47121400,47121400,1.0
47122000,47122000,0.9999999999999998
47123700,47123700,1.0
47150200,47150200,1.0
47152200,47152200,1.0
47990100,47990100,0.0
61000100,61000100,1.0
61000201,61000201,0.9999999999999999
61000202,61000202,1.0
61000500,61000500,0.0
61000600,61000600,1.0000000000000002
61000700,61000700,1.0
61000800,61000800,0.9999999999999999
61000900,61000900,1.0
61001001,61001001,1.0
61001002,61001002,0.9999999999999999
61001200,61001200,1.0
61001300,61001300,1.0
61001401,61001401,1.0
61001402,61001402,0.9999999999999999
61001501,61001501,1.0000000000000002
61001501,61002900,0.0
61001502,61001502,1.0
61001600,61001600,0.9999999999999999
61001800,61001800,1.0
61002000,61002000,0.9999999999999998
61002100,61002100,1.0
61002201,61002201,1.0
61002202,61002202,1.0
61002400,61002400,1.0
61002500,61002500,0.9999999999999999
61002601,61002601,1.0
61002602,61002602,1.0
61002700,61002700,1.0
61002800,61002800,1.0
61002901,61002900,0.2594560800250078
61002902,61002900,0.7405439199749922
61003001,61003001,1.0000000000000002
61003002,61003002,1.0
61003100,61003100,1.0
61003200,61003200,1.0
61003300,61003300,1.0000000000000002
61003400,61003400,0.9999999999999999
61003601,61003601,1.0
61003602,61003602,1.0
61003700,61003700,0.9999999999999999
61003800,61003800,1.0
61003900,61003900,1.0
61004001,61004000,0.4370592995029476
61004002,61004000,0.5629407004970524
61004100,61004100,1.0
61004200,61004200,1.0
61004300,61004300,1.0
61004400,61004400,0.9999999999999999
61004500,61004500,1.0
61004700,61004700,1.0
61004800,61004800,0.9999999999999998
61004900,61004900,1.0
61005000,61005000,1.0
61005200,61005200,1.0
61005400,61005400,1.0
61005501,61005501,1.0
61005502,61005502,1.0
61005600,61005600,0.9999999999999999
61005700,61005700,1.0
61005800,61005800,1.0
61005900,61005900,0.9999999999999999
61006000,61006000,0.9999999999999999
61006100,61006100,1.0
61006200,61006200,1.0
61006300,61006300,1.0
61006400,61006400,1.0
61006500,61006500,1.0
61006600,61006600,1.0
61006700,61006700,1.0
61006800,61006800,1.0
61006900,61006900,0.9999999999999998
61007001,61007000,0.4665764851764175
61007002,61007000,0.5334235148235824
61007100,61007100,1.0
61007200,61007200,1.0000000000000002
61007300,61007300,0.9999999999999998
61007400,61007400,0.9999999999999999
61007500,61007500,1.0
61007600,61007600,1.0
61007700,61007700,1.0
61007800,61007800,1.0
61007900,61007900,0.9999999999999998
61008000,61008000,1.0
61008100,61008100,1.0
61008200,61008200,1.0
61008300,61008300,1.0
61008400,61008400,1.0
61008601,61008601,1.0
61008602,61008602,0.0
61008603,61008603,1.0
61008700,61008700,1.0
61008800,61008800,1.0
61008900,61008900,1.0
61009000,61009000,1.0
61009100,61009100,1.0
61009200,61009200,1.0
61009300,61009300,1.0000000000000002
61009400,61009400,1.0
61009500,61009500,1.0
61009600,61009600,1.0
61009700,61009700,1.0
61009800,61009800,1.0
61009901,61009900,0.8210796915167096
61009902,61009900,0.14344473007712083
61009903,61009900,0.03547557840616966
61010000,61010000,1.0
61010100,61010100,1.0
61010200,61010200,0.9999999999999999
61010300,61010300,0.9999999999999999
61010400,61010400,0.9999999999999999
61010601,61010601,1.0
61010601,61010602,0.0
61010602,61010602,0.9999999999999999
61010801,61010800,0.36254010399380465
61010802,61010800,0.3900873990485673
61010803,61010800,0.24737249695762803
61010900,61010900,1.0
61011000,61011000,1.0
61011100,61011100,0.9999999999999999
61011201,61011201,1.0
61011202,61011202,1.0
61011203,61011203,1.0
61011300,61011300,1.0
61011401,61011401,0.9999999999999999
61011402,61011402,1.0
61011500,61011500,1.0
61011600,61011600,1.0
61011700,61011700,1.0
61011800,61011800,1.0000000000000002
61011900,61011900,0.9999999999999999
61012000,61012000,1.0
61012101,61012100,0.37865326163198504
61012102,61012100,0.6213467383680149
61012200,61012200,1.0
61012400,61012400,1.0
61012500,61012500,1.0
61012601,61012600,0.5378111789572569
61012602,61012600,0.46218882104274306
61012700,61012700,1.0
61012800,61012800,1.0
61012901,61012900,0.5554819476647896
61012902,61012900,0.4445180523352103
61013000,61013000,1.0
61013100,61013100,1.0
61013201,61013200,0.2819641170915958
61013202,61013200,0.37101038715769596
61013203,61013200,0.34702549575070823
61013300,61013300,1.0000000000000002
61013400,61013400,1.0
61013501,61013500,0.44041843541540326
61013502,61013500,0.5595815645845967
61013601,61013600,0.11229144942648593
61013602,61013600,0.29001564129301355
61013603,61013600,0.276655370177268
61013604,61013600,0.3210375391032325
61013700,61013700,1.0
61013800,61013800,1.0
61013900,61013900,1.0
61014000,61014000,1.0000000000000002
61014200,61014200,0.9999999999999999
61014300,61014300,1.0
61014401,61014401,0.9999999999999999
61014402,61014402,1.0
61014500,61014500,1.0
61014601,61014601,1.0
61014602,61014602,1.0
61014700,61014700,1.0
61014801,61014801,1.0
61014802,61014802,1.0
61014900,61014900,0.9999999999999999
61015001,61015001,1.0
61015002,61015002,1.0
61015101,61015100,0.47399470262460874
61015102,61015100,0.5260052973753913
61015200,61015200,1.0
61015301,61015300,0.37167381974248925
61015302,61015300,0.6283261802575106
61015401,61015400,0.3552258346061532
61015402,61015400,0.28583897010691683
61015403,61015400,0.35893519528692996
61015501,61015500,0.4349732620320856
61015502,61015500,0.5650267379679144
61015601,61015601,1.0
61015602,61015602,1.0
61015700,61015700,1.0
61015801,61015801,1.0
61015802,61015802,1.0
61015900,61015900,1.0
61016001,61016001,1.0000000000000002
61016002,61016002,1.0
61016100,61016100,1.0
61016200,61016200,1.0
61016300,61016300,1.0
61016400,61016400,0.9999999999999999
61016500,61016500,1.0
61016600,61016600,1.0
61016700,61016700,1.0000000000000002
61016800,61016800,1.0
61016900,61016900,1.0
61017000,61017000,1.0
61017100,61017100,1.0
61017200,61017200,1.0
61017300,61017300,1.0
61017401,61017401,1.0
61017402,61017402,1.0
61017500,61017500,0.9999999999999999
61017700,61017700,1.0
61017800,61017800,1.0
61017900,61017900,1.0
61018000,61018000,0.9999999999999999
61018100,61018100,1.0
61018200,61018200,1.0
61018300,61018300,1.0
61018400,61018400,1.0000000000000002
61018500,61018500,0.9999999999999999
61018600,61018600,1.0
61018700,61018700,1.0
61018800,61018800,1.0
61018900,61018900,0.9999999999999999
61019000,61019000,1.0
61019100,61019100,1.0000000000000002
61019200,61019200,0.9999999999999999
61019300,61019300,0.9999999999999999
61019400,61019400,1.0
61019500,61019500,1.0
61019600,61019600,1.0000000000000002
61019701,61019701,1.0
61019702,61019702,1.0
61019800,61019800,0.9999999999999999
61019900,61019900,1.0000000000000002
61020000,61020000,1.0
61020101,61020101,1.0
61020102,61020102,1.0
61020300,61020300,1.0
61020500,61020500,1.0
61020600,61020600,1.0000000000000002
61020701,61020701,1.0
61020800,61020800,1.0
61020901,61020901,1.0
61021000,61021000,1.0
61021100,61021100,0.9999999999999999
61021200,61021200,1.0
61021303,61021303,1.0
61021400,61021400,1.0
61021500,61021500,1.0
61021600,61021600,1.0
61021703,61021703,1.0
61021800,61021800,1.0
61021900,61021900,0.9999999999999999
61022000,61022000,1.0
61022102,61022102,1.0
61022200,61022200,1.0
61022301,61022301,1.0
61022302,61022302,1.0
61022400,61022400,1.0
61022500,61022500,1.0
61022600,61022600,1.0
61022700,61022700,1.0
61022800,61022800,1.0
61022900,61022900,1.0
61023000,61023000,1.0
61023100,61023100,1.0000000000000002
61023200,61023200,1.0
61023300,61023300,1.0
61023400,61023400,1.0
61023501,61023501,1.0
61023502,61023502,0.9999999999999999
61023600,61023600,1.0
61023700,61023700,1.0
61023802,61023802,1.0
61023803,61023801,0.7135657718811067
61023804,61023801,0.28643422811889335
61023900,61023900,1.0
61024000,61024000,1.0
61024100,61024100,1.0
61024200,61024200,1.0
61024301,61024301,1.0
61024302,61024302,1.0
61024500,61024500,1.0
61024700,61024700,1.0
61024900,61024900,1.0
61025100,61025100,0.9999999999999999
61025300,61025300,1.0
61025500,61025500,0.9999999999999999
61025700,61025700,1.0
61025900,61025900,0.9999999999999998
61026100,61026100,1.0
61026300,61026300,1.0
61026500,61026500,1.0000000000000002
61026700,61026700,1.0
61026900,61026900,0.9999999999999999
61027100,61027100,1.0
61027300,61027300,0.9999999999999999
61027500,61027500,1.0
61027700,61027700,1.0
61027900,61027900,1.0
61028100,61028100,1.0
61028300,61028300,1.0
61028500,61028500,1.0
61028700,61028700,1.0
61029100,61029100,1.0
61029300,61029300,1.0
61029500,61029500,1.0
61029700,61029700,1.0
61029900,61029900,1.0
61030300,61030300,1.0
61030700,61030700,1.0
61030900,61030900,0.9999999999999999
61031100,61031100,1.0
61031703,61031703,1.0000000000000002
61031704,61031704,1.0
61031900,61031900,1.0
81000101,81000100,0.39543342089310973
81000102,81000100,0.5447565164679733
81000103,81000100,0.006061830672863205
81000104,81000100,0.05374823196605375
81000200,81000200,1.0
81000400,81000400,1.0
81000600,81000600,0.9999999999999999
81000701,81000700,0.4273486430062631
81000702,81000700,0.5726513569937369
81000800,81000800,0.9999999999999999
81001000,81001000,1.0
81001200,81001200,1.0
81001400,81001400,1.0
81001600,81001600,0.9999999999999999
81001800,81001800,1.0000000000000002
81001901,81001900,0.5659851301115242
81001902,81001900,0.2732342007434944
81001903,81001900,0.1607806691449814
81002000,81002000,1.0000000000000002
81002200,81002200,1.0
81002400,81002400,1.0
81002500,81002500,1.0
81002600,81002600,1.0
81002800,81002800,1.0
81003000,81003000,1.0
81003100,81003100,1.0
81003200,81003200,1.0
81003301,81003300,0.29102667744543254
81003301,81017100,0.0
81003302,81003300,0.7089733225545675
81003400,81003400,1.0
81003600,81003600,0.9999999999999999
81003700,81003700,0.0
81003800,81003800,0.9999999999999999
81003900,81003900,1.0
81004001,81004001,1.0
81004002,81004002,1.0
81004200,81004200,1.0
81004300,81004300,1.0
81004401,81004401,0.9999999999999999
81004401,81005000,1.0
81004500,81004500,1.0
81004700,81004700,1.0
81005000,81005000,0.0
81005100,81005100,1.0
81005200,81005200,1.0
81005300,81005300,0.9999999999999999
81005400,81005400,0.9937226555069428
81005500,81005500,1.0
81005700,81005700,1.0
81005800,81005800,1.0
81005900,81005900,0.9999999999999998
81006100,81006100,0.9999999999999999
81006201,81006201,1.0
81006202,81006202,1.0
81006300,81006300,1.0
81006501,81006501,1.0
81006502,81006502,1.0
81006900,81006900,0.9999999999999999
81007100,81007100,1.0
81007300,81007300,0.9999999999999999
81007500,81007500,1.0
81007700,81007700,1.0
81007900,81007900,0.9999999999999999
81008100,81008100,1.0
81008300,81008300,0.9999999999999999
81008500,81008500,1.0
81008600,81005400,0.006277344493056876
81008600,81008600,1.0000000000000002
81008700,81008700,1.0
81008800,81008800,0.9999999999999999
81009100,81009100,0.9999999999999999
81009400,81009400,1.0
81009500,81009500,1.0
81009600,81009600,0.9999999999999999
81009700,81009700,1.0
81009800,81009800,1.0
81009900,81009900,1.0
81010000,81010000,1.0
81010100,81010100,1.0
81010200,81010200,1.0
81010300,81010300,1.0
81010400,81010400,0.9999999999999999
81010500,81010500,1.0
81010600,81010600,1.0
81010701,81010701,0.0
81010800,81010800,1.0
81011000,81011000,0.9999999999999998
81011100,81011100,1.0000000000000002
81011200,81011200,1.0
81011300,81011300,0.9999999999999999
81011400,81011400,1.0
81011500,81011500,1.0
81011600,81011600,1.0
81011700,81011700,1.0
81011800,81011800,0.9999999999999999
81011900,81011900,0.9999999999999999
81012000,81012000,0.9999999999999999
81012100,81012100,0.9999999999999999
81012200,81012200,1.0
81012301,81012301,1.0
81012400,81012400,1.0
81012500,81012500,1.0
81012601,81012601,1.0
81012602,81012602,1.0
81012800,81012800,1.0
81013000,81013000,1.0
81013200,81013200,0.9999999999999999
81013400,81013400,1.0
81013500,81013500,1.0
81013600,81013600,1.0
81013700,81013700,1.0
81013800,81013800,1.0
81014000,81014000,1.0
81014100,81014100,1.0000000000000002
81014201,81014201,0.9999999999999999
81014202,81014202,1.0
81014300,81014300,1.0
81014400,81014400,1.0
81014500,81014500,1.0
81014700,81014700,1.0
81014800,81014800,1.0000000000000002
81014900,81014900,1.0
81015000,81015000,1.0
81015100,81015100,1.0
81015200,81015200,1.0
81015300,81015300,1.0
81015400,81015400,1.0
81015500,81015500,1.0
81015600,81015600,1.0
81015700,81015700,1.0
81015801,81015801,1.0
81015802,81015802,1.0
81015900,81015900,1.0
81016100,81016100,1.0
81016300,81016300,1.0
81016400,81016400,1.0
81016600,81016600,0.9999999999999999
81016800,81016800,1.0
81016900,81016900,0.9999999999999999
81017000,81017000,1.0
81017101,81017100,0.0
81017102,81017100,1.0
81017200,81017200,1.0
81017400,81017400,0.9999999999999999
81017600,81017600,0.9999999999999998
81017800,81017800,1.0
81017901,81017900,0.9943074003795066
81017902,81017900,0.0056925996204933585
81018000,81018000,1.0
81018101,81018101,1.0
81018102,81018102,1.0
81018200,81018200,1.0
81018300,81018300,1.0
81018401,81018401,1.0000000000000002
81018402,81018402,0.9999999999999999
81018501,81018501,1.0
81018502,81018502,1.0
81018600,81018600,0.9999999999999999
81018700,81018700,0.9999999999999999
81018700,81019900,0.0
81018800,81018800,1.0
81018900,81018900,1.0
81019000,81019000,1.0
81019200,81019200,0.9999999999999998
81019400,81019400,0.9999999999999998
81019600,81019600,1.0000000000000002
81019800,81019800,1.0
81019901,81019900,1.0
81019902,81019900,0.0
81019903,81019900,0.0
81020200,81020200,0.9999999999999999
81020400,81020400,1.0
81020500,81020500,1.0
81020600,81020600,1.0
81020800,81020600,0.0
81020800,81020800,0.9999999999999999
81021200,81020800,0.0
81021200,81021200,0.9999999999999999
81021400,81021400,0.9999999999999998
81021601,81021600,0.6962151394422311
81021602,81021600,0.30378486055776893
81021603,81021600,0.0
81021900,81021900,1.0
81022001,81022001,0.9999999999999999
81022002,81022002,1.0
81022900,81022900,1.0
81023000,81023000,0.9999999999999999
81023200,81023200,0.9999999999999999
81023501,81023500,0.5715148586615124
81023502,81023500,0.4284851413384876
81023600,81023600,1.0
81023800,81023800,0.9999999999999999
81024000,81024000,1.0000000000000002
81024300,81024300,1.0
81024500,81024500,1.0
81024600,81024600,0.0
81024700,81024700,0.9999999999999999
81024900,81024900,1.0000000000000002
81025100,81025100,0.9999999999999999
81025301,81025301,0.9999999999999999
81025302,81025302,0.9999999999999999
81025401,81025400,0.34616790544656995
81025402,81025400,0.6538320945534299
81025500,81025500,0.9999999999999999
81025700,81025700,1.0
81025800,81025800,0.9999999999999999
81025900,81025900,1.0
81026000,81026000,1.0
81026100,81026100,1.0
81026200,81026200,1.0000000000000002
81026300,81026300,1.0
81026300,81026500,0.0
81026400,81026400,0.9999999999999999
81026501,81026500,0.6673342234089897
81026502,81026500,0.3326657765910103
81026600,81026600,1.0
81026700,81026700,1.0
81026901,81026901,1.0
81026902,81026902,1.0
81027000,81027000,0.9999999999999999
81027101,81027100,0.6259454503781801
81027102,81027100,0.37405454962181983
81027200,81027200,1.0
81027301,81027300,0.4444444444444445
81027302,81027300,0.5555555555555556
81027400,81027400,0.9999999999999999
81027500,81027500,1.0
81027600,81027600,1.0
81027701,81027700,0.3912298732442617
81027702,81027700,0.6087701267557383
81027800,81027800,1.0
81027900,81027900,1.0
81028000,81028000,1.0
81028100,81028100,1.0
81028200,81028200,0.9999999999999999
81028300,81028300,1.0
81028400,81028400,0.9999999999999999
81028500,81028500,1.0
81028700,81028700,0.9999999999999999
81028801,81028800,0.5808510638297871
81028802,81028800,0.4191489361702127
81028803,81028800,0.0
81028900,81028900,1.0
81029100,81029100,0.9999999999999999
81029300,81029300,0.9999999999999999
81029400,81029400,1.0
81029500,81029500,1.0
81029700,81029700,0.9999999999999999
81029900,81029900,0.0
81030600,81030600,1.0000000000000002
81030600,81084602,0.0
81030903,81030903,1.0
81030904,81030904,1.0
81030905,81030902,0.39789789789789787
81030906,81030902,0.6021021021021021
81031700,81031700,1.0000000000000002
81032000,81032000,1.0
81032700,81032700,1.0
81032800,81032800,1.0000000000000002
81032900,81032900,1.0000000000000002
81033000,81033000,1.0
81033100,81033100,0.0
81033401,81033401,1.0
81033403,81033402,0.36604373757455266
81033404,81033402,0.3624652087475149
81033405,81033402,0.27149105367793236
81033700,81033700,1.0
81033900,81033900,1.0
81034700,81034700,0.9999999999999999
81035100,81035100,1.0
81035200,81035200,1.0
81035300,81035300,1.0
81035700,81035700,0.9999999999999998
81035800,81035800,0.9999999999999999
81036100,81036100,1.0
81036300,81036300,1.0
81036500,81036500,1.0
81036600,81036600,1.0
81036700,81036700,1.0
81036800,81036800,0.9999999999999999
81037100,81037100,1.0
81037300,81037300,1.0
81037501,81037500,0.3719270420301348
81037502,81037500,0.6280729579698652
81037600,81037600,0.9999999999999999
81037700,81037700,1.0
81037900,81037900,1.0
81038100,81037300,0.0
81038100,81038100,0.9999999999999999
81038301,81038301,0.0
81038302,81038302,1.0
81038400,81038400,1.0
81039400,81039400,1.0
81039800,81039800,1.0
81039901,81039900,0.6565827686350435
81039902,81039900,0.34341723136495644
81040000,81040000,0.9999999999999999
81040101,81040100,0.38966387671050884
81040102,81040100,0.6103361232894913
81040200,81040200,0.9999999999999998
81040301,81040300,0.38084698244060794
81040302,81040300,0.619153017559392
81040400,81040400,0.9999999999999999
81040501,81040500,0.3681501665152891
81040502,81040500,0.6318498334847109
81040701,81040700,0.39655587668593445
81040702,81040700,0.6034441233140655
81040901,81040900,0.375736160188457
81040902,81040900,0.6242638398115429
81041100,81041100,1.0
81041300,81041300,1.0
81041400,81041400,1.0
81041500,81041500,1.0
81042400,81042400,1.0
81042600,81042600,1.0
81042700,81042700,1.0
81043200,81043200,0.9999999999999999
81043400,81043400,1.0
81043701,81043701,1.0
81043701,81043702,0.0
81043702,81043702,0.9999999999999999
81043900,81043900,1.0000000000000002
81044000,81044000,0.9999999999999999
81044301,81044301,1.0
81044302,81044302,0.9999999999999999
81044400,81044400,1.0
81044601,81044601,1.0
81044602,81044602,1.0
81044800,81044800,1.0
81045000,81045000,1.0
81045000,81126700,0.0
81045200,81045200,1.0000000000000002
81045200,81126700,0.0
81045400,81045400,1.0
81045500,81045500,1.0000000000000002
81045600,81045600,0.9999999999999999
81045700,81045700,0.9999999999999999
81045800,81045800,1.0
81045900,81045900,0.9999999999999999
81046000,81046000,1.0
81046100,81046100,1.0
81046200,81046200,1.0000000000000002
81046300,81046300,1.0
81046400,81046400,1.0
81046500,81046500,1.0
81046600,81046600,1.0
81046700,81046700,1.0
81046800,81046800,1.0
81046901,81046900,0.5088681446907818
81046902,81046900,0.4911318553092182
81047000,81047000,1.0
81047100,81047100,1.0
81047200,81047200,1.0
81047300,81047300,1.0
81047500,81047500,1.0000000000000002
81047600,81047600,1.0
81047801,81047800,0.7346052134491875
81047802,81047800,0.2653947865508122
81047900,81047900,0.9999999999999999
81048000,81048000,1.0000000000000002
81048100,81048100,1.0
81048200,81048200,0.9999999999999999
81048301,81048300,0.49765258215962443
81048302,81048300,0.5023474178403756
81048400,81048400,0.9999999999999999
81048500,81048500,1.0
81048900,81048900,1.0
81049201,81049200,0.5989473684210526
81049201,81128300,0.0
81049202,81049200,0.4010526315789474
81049301,81049301,0.9999999999999999
81049302,81049302,1.0
81049500,81049302,0.0
81049500,81049500,1.0
81049600,81049600,0.9999999999999999
81049700,81049700,1.0
81049900,81049900,1.0000000000000002
81050000,81050000,0.9999999999999999
81050201,81050201,1.0
81050202,81050202,1.0000000000000002
81050400,81050400,0.9999999999999999
81050500,81050500,0.9999999999999999
81050600,81050600,1.0
81050700,81050700,1.0000000000000002
81050800,81050800,1.0
81051000,81051000,1.0
81051100,81051100,1.0
81051200,81051200,0.9999999999999998
81051300,81051300,1.0
81051500,81051500,1.0
81051600,81051600,1.0
81051700,81051700,1.0
81051800,81051800,1.0
81052000,81052000,1.0
81052100,81052100,1.0000000000000002
81052200,81052200,1.0
81052400,81052400,0.9999999999999999
81052500,81052500,0.9999999999999999
81052600,81052600,1.0
81052800,81052800,0.9999999999999998
81053000,81053000,1.0
81053100,81053100,1.0
81053200,81053200,0.9999999999999999
81053401,81053401,1.0
81053501,81053500,0.9973285841495992
81053502,81053500,0.0026714158504007124
81053601,81051600,0.0
81053601,81053601,1.0
81053800,81053800,1.0
81053901,81053900,0.9975886182782736
81053902,81053900,0.0024113817217265494
81054000,81054000,1.0
81054200,81054200,1.0000000000000002
81054500,81054500,1.0
81054700,81054700,1.0
81054800,81054800,1.0
81054900,81054900,0.9999999999999998
81055100,81055100,1.0
81055200,81055200,1.0
81055300,81055300,1.0
81055400,81055400,1.0
81055500,81055500,1.0
81055600,81055600,1.0
81055700,81055700,1.0
81055800,81055800,1.0000000000000002
81055900,81055900,0.9999999999999999
81056000,81056000,0.9999999999999999
81056100,81056100,1.0
81056200,81056200,1.0
81056400,81056400,0.9999999999999999
81056500,81056500,1.0
81056600,81056600,1.0
81056700,81056700,0.9999999999999999
81056800,81056800,1.0000000000000002
81057700,81057700,0.9999999999999999
81057900,81057900,1.0
81058000,81058000,1.0
81058100,81058100,0.9999999999999999
81058200,81058200,1.0
81058300,81058300,1.0
81058500,81058500,1.0
81058700,81058700,0.9999999999999999
81058900,81058900,0.9999999999999998
81059000,81059000,1.0
81059100,81059100,1.0
81059200,81059200,1.0
81059300,81059300,1.0
81059400,81059400,1.0
81059501,81059500,0.43617021276595747
81059502,81059500,0.5638297872340425
81059600,81059600,1.0
81059800,81059800,1.0000000000000002
81059900,81059900,0.9999999999999999
81060000,81060000,1.0
81060100,81060100,0.9999999999999999
81060300,81060300,1.0
81060600,81060600,1.0
81060701,81060701,1.0
81060800,81060800,1.0
81061000,81061000,1.0
81061200,81061200,1.0000000000000002
81061301,81061301,1.0000000000000002
81061302,81061302,1.0
81061400,81061400,1.0
81061601,81061601,1.0
81061602,81061602,1.0
81061800,81061800,1.0
81061900,81061900,0.9999999999999999
81062000,81062000,1.0000000000000002
81062100,81062100,1.0
81062200,81062200,1.0
81062300,81062300,1.0
81062400,81062400,1.0
81062500,81062500,1.0
81062600,81062600,1.0
81062700,81062700,1.0
81062900,81062900,0.9999999999999998
81063000,81063000,1.0000000000000002
81063200,81063200,1.0
81063301,81063301,1.0
81063302,81063302,1.0
81063500,81063500,0.9999999999999999
81063700,81063700,0.9999999999999999
81063800,81063800,1.0000000000000002
81063900,81063900,1.0
81064101,81064101,1.0
81064101,81064102,0.9823008849557522
81064102,81064102,0.017699115044247787
81064500,81064500,1.0
81064600,81064600,1.0
81065000,81065000,0.9999999999999999
81065401,81065400,0.9964131994261117
81065402,81065400,0.003586800573888092
81065501,81065501,0.0
81065600,81065600,0.9999999999999999
81065702,81065702,1.0
81065703,81065703,1.0
81065900,81065900,1.0
81066000,81066000,1.0
81066100,81066100,0.9999999999999999
81066301,81066300,1.0000000000000002
81066302,81066300,0.0
81066302,81066501,0.0
81066401,81066400,0.16989180191427383
81066402,81066400,0.3739076154806491
81066403,81066400,0.4532875572201415
81066404,81066400,0.002913025384935497
81066501,81066501,0.9999999999999999
81066701,81066701,1.0
81066900,81066900,1.0
81067100,81067100,1.0
81067700,81067700,1.0
81067900,81067900,0.9999999999999999
81068000,81068000,0.9999999999999997
81068200,81068200,1.0
81068300,81068300,1.0
81068700,81068700,1.0
81069000,81069000,1.0
81069300,81069300,0.9999999999999998
81069400,81069400,1.0
81069500,81069500,1.0
81069701,81069701,1.0
81069702,81069702,1.0
81070300,81070300,1.0
81070700,81070700,1.0000000000000002
81070900,81070900,0.9999999999999999
81071100,81071100,1.0
81071303,81071303,0.9999999999999999
81071304,81071304,1.0
81071305,81071305,1.0000000000000002
81071306,81071306,1.0
81071600,81071600,0.0
81071701,81071701,1.0
81071702,81071702,1.0
81071900,81071900,0.9999999999999999
81072100,81072100,1.0
81072300,81072300,0.9999999999999998
81072900,81072900,0.9999999999999999
81073100,81073100,1.0000000000000002
81073700,81073700,0.9999999999999999
81073900,81073900,1.0000000000000002
81074100,81074100,1.0
81074300,81074300,1.0000000000000002
81074500,81074500,1.0
81074700,81074700,0.9999999999999999
81074900,81074900,1.0
81075701,81075701,1.0
81075702,81075702,1.0
81076901,81076901,1.0
81076902,81076902,1.0
81077300,81077300,1.0
81077500,81077500,0.9999999999999999
81077902,81077902,1.0
81077903,81038302,0.0
81077903,81077903,1.0
81077904,81077904,1.0
81077905,81077905,1.0
81077906,81077906,1.0000000000000002
81077907,81077907,1.0
81077908,81077908,1.0
81078800,81078800,1.0000000000000002
81079000,81079000,0.9999999999999999
81079200,81079200,1.0
81079300,81079300,1.0
81079300,81080900,0.0
81079701,81079701,0.9999999999999998
81079702,81079702,1.0
81079900,81079900,0.9999999999999999
81080301,81038302,0.0
81080301,81080301,1.0000000000000002
81080302,81080302,0.9994292237442924
81080900,81080302,0.0005707762557077625
81080900,81080900,1.0
81081400,81081400,1.0000000000000002
81081800,81081800,1.0
81081800,81084602,0.0
81083700,81083700,0.9999999999999999
81083800,81083800,1.0
81084000,81084000,0.9999999999999999
81084500,81084500,0.9999999999999999
81084601,81084601,1.0
81084602,81084601,0.0
81084602,81084602,0.9999999999999999
81084901,81084900,0.4047369798482073
81084902,81084900,0.5952630201517928
81085300,81085300,1.0
81085500,81085500,1.0
81085700,81085700,1.0
81085900,81085900,1.0
81086100,81086100,0.9999999999999999
81086300,81086300,0.9999999999999999
81086400,81086400,1.0000000000000002
81086500,81086500,1.0
81086900,81086900,0.9999999999999999
81087100,81087100,0.9999999999999999
81088400,81088400,1.0000000000000002
81088902,81088901,0.5897136177673875
81088903,81088901,0.41028638223261255
81089201,81089200,0.9993270524899057
81089202,81089200,0.0006729475100942127
81090700,81090700,0.9999999999999999
81091602,81091602,0.0
81091603,81091601,1.0
81091604,81091601,0.0
81091800,81091800,1.0
81091900,81091900,1.0
81092200,81091800,0.0
81092200,81092200,1.0
81092500,81092500,1.0
81092800,81092800,1.0000000000000002
81092900,81092900,1.0000000000000002
81093401,81093401,1.0
81093402,81093402,1.0
81093800,81093800,1.0
81093900,81093900,1.0
81094201,81094201,1.0
81094202,81094202,1.0
81094203,81094203,0.9999999999999999
81094500,81094500,1.0
81094500,81103900,0.0
81094700,81094700,0.9999999999999998
81095400,81095400,1.0
81096400,81096400,1.0
81096400,81097203,0.0
81097202,81097202,1.0
81097204,81097204,0.9999999999999999
81097205,81097203,0.5641660597232339
81097206,81097203,0.4358339402767662
81097207,81097203,0.0
81097300,81097300,1.0000000000000002
81098100,81098100,1.0000000000000002
81098700,81098700,0.9999999999999999
81099100,81099100,1.0000000000000002
81099200,81099200,0.9999999999999999
81099701,81099701,1.0
81099703,81099703,0.9999999999999999
81099704,81099704,0.9999999999999999
81099705,81099705,0.9999999999999998
81099801,81099801,1.0
81099802,81099802,1.0
81099900,81099900,0.0
81100801,81100801,1.0
81100801,81107202,0.0
81100803,81100802,0.5149272144090796
81100804,81100802,0.48507278559092026
81101002,81101002,1.0
81101003,81101001,0.3771497535954943
81101004,81101001,0.6228502464045057
81101700,81101700,1.0000000000000002
81102900,81102900,0.9999999999999999
81103201,81103201,0.9999999999999999
81103202,81103202,1.0
81103300,81103300,1.0000000000000002
81103900,81103900,1.0
81104700,81104700,1.0
81105900,81105900,1.0
81107201,81107201,0.9999999999999999
81107202,81107202,0.0
81108500,81108500,1.0
81109300,81109300,1.0000000000000002
81109700,81109700,1.0000000000000002
81109900,81109900,1.0
81111300,81111300,1.0
81112300,81112300,1.0000000000000002
81112900,81112900,0.9999999999999999
81113300,81113300,0.9999999999999999
81113900,81113900,1.0
81114100,81114100,1.0
81114700,81114700,0.9999999999999999
81115100,81115100,1.0
81115500,81115500,1.0
81115700,81115700,1.0
81115900,81115900,1.0
81116100,81116100,1.0
81116301,81116300,0.593365553602812
81116302,81116300,0.40663444639718804
81116700,81116700,0.9999999999999999
81117100,81117100,0.9999999999999999
81117500,81117500,1.0
81118100,81118100,1.0
81118500,81118500,0.9999999999999999
81118700,81118700,1.0000000000000002
81118900,81118900,1.0
81119100,81119100,0.9999999999999999
81119300,81119300,1.0
81119500,81119500,0.9999999999999999
81119900,81119900,1.0
81120100,81120100,1.0
81120300,81120300,0.9999999999999999
81120500,81120500,1.0
81120701,81120700,1.0000000000000002
81120702,81120700,0.0
81121100,81121100,0.0
81121500,81121500,0.9999999999999998
81122300,81122300,0.9999999999999999
81122702,81122702,1.0
81122703,81122701,0.6043996333638864
81122704,81122701,0.39560036663611364
81124100,81124100,1.0
81124700,81124700,1.0
81125700,81125700,1.0
81126500,81126500,1.0
81126700,81126700,1.0000000000000002
81127700,81127700,1.0000000000000004
81128300,81128300,1.0
81128300,81129102,0.0
81129102,81129102,1.0000000000000004
81129103,81129103,0.9999999999999999
81129104,81129104,0.9999999999999999
81130100,81130100,0.9999999999999999
81133300,81133300,1.0
81133900,81133900,1.0
81134100,81134100,0.9999999999999999
81134701,81134700,0.5222524028416214
81134702,81134700,0.47774759715837856
81136700,81136700,1.0
81137700,81137700,0.9999999999999999
81138501,81138501,1.0000000000000002
81138502,81138502,1.0
81139900,81139900,1.0
81140300,81140300,1.0
81140901,81140901,1.0
81140902,81140902,1.0000000000000002
81141700,81141700,0.9999999999999999
81142900,81142900,1.0000000000000002
81143500,81143500,0.9999999999999999
81144100,81144100,0.9999999999999999
81144700,81144700,1.0
81145101,81145101,0.9999999999999999
81145102,81145102,1.0
81145900,81145900,0.9999999999999999
81146300,81146300,0.9999999999999999
81146700,81146700,1.0
81147100,81147100,0.9999999999999998
81147900,81147900,1.0
81148300,81148300,0.9999999999999999
81150701,81150701,0.9999999999999998
81150702,81150702,1.0000000000000002
81152901,81152901,1.0000000000000002
81152902,81152902,1.0
81155101,81155101,1.0
81155103,81155102,0.49883934025656684
81155104,81155102,0.5011606597434332
81156700,81155102,0.0
81156700,81156700,0.9999999999999999
81157101,81157101,1.0
81157102,81157102,1.0
81157901,81157901,0.9999999999999999
81157902,81157902,1.0000000000000002
81157903,81157903,0.9999999999999999
81161700,81161700,0.9999999999999999
81162100,81162100,1.0000000000000002
81990100,81990100,0.0
85000300,85000300,0.9999999999999999
85000600,85000600,1.0
85000700,85000700,1.0
85000800,85000800,0.9999999999999998
85000900,85000900,1.0
85001100,85001100,1.0
85001700,85001700,1.0000000000000002
85001800,85001800,1.0
85002001,85002001,1.0
85002002,85002002,1.0000000000000002
85002100,85002100,1.0000000000000002
85002700,85002700,1.0
85002900,85002900,1.0000000000000002
85003300,85003300,1.0
85003600,85003600,0.9999999999999999
85003900,85003900,1.0
85004001,85004000,0.21110940144637638
85004002,85004000,0.22865056162486538
85004003,85004000,0.3652100323126635
85004004,85004000,0.1950300046160948
85004700,85004700,1.0
85005000,85005000,1.0000000000000002
85005901,85005900,1.0
85005902,85005900,0.0
85006400,85006400,1.0
85006700,85006700,1.0
85007001,85007000,0.2940762463343109
85007002,85007000,0.7059237536656889
85007400,85007400,1.0
85007500,85007500,1.0000000000000002
85007700,85007700,1.0
85008100,85008100,0.9993024877935363
85009601,85009601,1.0000000000000002
85009602,85009602,1.0000000000000002
85009701,85009700,0.9999999999999996
85009702,85008100,0.0006975122064636131
85009702,85008900,0.0
85009702,85009700,0.0
85010500,85010500,1.0
85011201,85011201,1.0
85011203,85011202,0.9951773490976973
85011204,85011202,0.004822650902302427
85011401,85011401,1.0
85011402,85011402,1.0
85012100,85012100,1.0000000000000002
85012200,85012200,0.9999999999999998
85012500,85012500,1.0000000000000002
85012804,85012804,1.0000000000000002
85012805,85012805,1.0
85012806,85012806,1.0
85013201,85013201,1.0
85013203,85013203,1.0
85013204,85013204,1.0
85013301,85013301,1.0
85013302,85013302,1.0
85013400,85013400,0.9999999999999999
85013800,85013800,1.0000000000000004
85014100,85014100,1.0000000000000002
85014604,85014604,0.9999999999999999
85014605,85014605,1.0
85014606,85014606,1.0000000000000002
85014607,85014607,1.0
85014608,85014608,1.0
85014700,85014700,1.0
85015100,85015100,0.9999999999999998
85015100,85018701,0.0
85015400,85015400,0.0
85015601,85015601,1.0000000000000002
85015602,85015602,0.9999999999999998
85015603,85015603,1.0000000000000002
85016901,85016901,1.0
85017005,85017005,0.9999999999999999
85017007,85017007,1.0
85017009,85017005,0.0
85017009,85017009,1.0
85017011,85017011,1.0000000000000002
85017012,85017012,0.9999999999999999
85017013,85017010,0.4943492951182571
85017014,85017010,0.5056507048817429
85017015,85017008,0.35896047644829454
85017015,85017012,0.0
85017016,85017008,0.6410395235517053
85017016,85017012,0.0
85017300,85017300,1.0
85017600,85017600,0.9999999999999999
85017701,85017700,0.6624767890301384
85017702,85017700,0.3375232109698614
85018100,85018100,1.0
85018701,85018701,0.9999999999999999
85018703,85018702,0.4959251837007347
85018704,85018702,0.5040748162992652
85018901,85018901,1.0
85018901,85018902,0.0
85018901,85027301,0.0
85018902,85018902,0.9999999999999999
85019700,85019700,1.0
85019800,85019800,0.9999999999999999
85020100,85020100,1.0000000000000002
85020701,85020700,0.48710736052508197
85020702,85020700,0.5128926394749179
85020803,85020803,0.9999999999999997
85020804,85020804,1.0000000000000002
85020805,85020801,0.7291968363595854
85020806,85020801,0.27080316364041435
85021300,85021300,0.9999999999999999
85022300,85022300,0.9999999999999999
85022601,85022600,0.7600706713780919
85022602,85022600,0.23992932862190808
85022801,85022800,0.9238095238095239
85022802,85022800,0.07619047619047618
85023100,85023100,0.9999999999999999
85023900,85023900,1.0000000000000002
85024401,85024401,1.0000000000000002
85024402,85024402,1.0
85024700,85024700,1.0000000000000002
85024800,85024800,0.9999999999999998
85025100,85025100,1.0000000000000002
85027301,85027301,1.0
85027302,85027302,1.0
85027702,85027702,0.9999999999999999
85027704,85027704,1.0
85027705,85027705,1.0
85027706,85027706,1.0
85027900,85027900,1.0
85029102,85029102,0.9999999999999998
85029104,85029104,1.0
85029105,85029103,0.5608005521049
85029106,85029103,0.4391994478951001
85030301,85030301,1.0000000000000002
85030302,85030302,0.9999999999999997
85031901,85031901,0.9999999999999998
85031902,85031902,1.0
85032300,85032300,1.0
85990100,85990100,0.0
