census_geoid,pct_,pct_black_nh,moe_unemployment_boro,unemployment_boro,moe_unemployment,unemployment,moe_unemployment_nyc,unemployment_nyc,moe_bach_deg_boro,pct_bach_deg_boro,moe_bach_deg,pct_bach_deg,moe_bach_deg_nyc,pct_bach_deg_nyc,moe_foreign_born,pct_foreign_born,female_under_5,female_10_14,female_15_19,female_20_24,female_25_29,female_30_34,female_35_39,female_40_44,female_45_49,female_50_54,female_55_59,female_5_9,female_60_64,female_65_69,female_70_74,female_75_79,female_80_84,female_85_over,moe_hh_rent_burd_boro,pct_hh_rent_burd_boro,moe_hh_rent_burd,pct_hh_rent_burd,moe_hh_rent_burd_nyc,pct_hh_rent_burd_nyc,pct_hispanic,moe_mean_commute_boro,mean_commute_boro,moe_mean_commute,mean_commute,moe_mean_commute_nyc,mean_commute_nyc,male_under_5,male_10_14,male_15_19,male_20_24,male_25_29,male_30_34,male_35_39,male_40_44,male_45_49,male_50_54,male_55_59,male_5_9,male_60_64,male_65_69,male_70_74,male_75_79,male_80_84,male_85_over,moe_over65_rate_boro,over65_rate_boro,moe_over65_rate,over65_rate,moe_over65_rate_nyc,over65_rate_nyc,pop_acs_boro,pop_acs,pop_acs_nyc,moe_under18_rate_boro,under18_rate_boro,moe_under18_rate,under18_rate,moe_under18_rate_nyc,under18_rate_nyc,pct_white_nh,pop_dec
101,20.9,3.2,,,0.5,2.7,,,,,1.2,78.8,,,1.5,28.1,3.6,1.4,1.7,3.9,6.3,6.6,5.3,4.2,3.3,2.4,2.3,2.2,2.3,1.7,1.3,0.6,0.7,1.1,,,2.2,28.4,,,7.0,,,1.2,26.1,,,3.7,1.9,1.4,3.0,5.4,6.1,5.3,4.6,3.7,2.7,2.4,2.6,2.2,1.5,1.0,0.7,0.3,0.6,,,0.7,9.5,,,,75100.0,,,,1.1,16.7,,,64.8,68163.0
102,14.1,1.9,,,0.5,2.9,,,,,1.4,80.4,,,1.3,21.5,1.9,0.8,2.8,3.7,7.7,6.1,4.0,2.9,2.5,2.3,2.7,1.5,2.9,2.9,2.2,1.4,1.0,1.6,,,2.2,33.4,,,6.3,,,1.0,24.9,,,1.7,1.1,2.0,2.7,6.0,6.5,5.2,2.9,3.5,2.9,3.0,1.0,3.2,2.5,1.6,1.2,1.0,1.1,,,1.0,16.5,,,,88480.0,,,,0.8,9.4,,,74.4,90016.0
103,30.6,8.4,,,0.4,3.6,,,,,1.2,43.3,,,1.1,34.5,1.5,1.5,2.9,4.2,6.4,4.1,3.2,3.0,3.2,2.8,3.3,1.2,3.4,2.9,2.1,1.6,1.6,2.1,,,1.8,38.4,,,25.1,,,1.3,31.3,,,1.5,1.8,2.5,3.7,6.2,5.6,3.9,2.9,3.3,3.0,2.8,1.6,2.5,2.3,2.0,1.3,1.0,1.0,,,0.7,17.9,,,,154995.0,,,,0.8,11.4,,,33.3,164937.0
104,16.7,6.3,,,0.6,3.6,,,,,1.4,71.2,,,1.5,31.8,2.0,1.0,1.1,3.9,6.7,6.8,3.9,3.0,2.9,2.2,2.9,0.9,2.9,2.3,2.3,1.8,0.6,1.1,,,2.1,33.6,,,18.8,,,1.2,27.8,,,1.7,1.1,1.0,3.2,6.6,7.1,5.1,4.9,4.0,3.8,3.6,1.1,3.0,2.3,1.3,1.1,0.7,0.4,,,0.8,13.8,,,,129797.0,,,,0.7,8.8,,,55.2,117859.0
105,19.2,3.3,,,0.6,3.2,,,,,1.4,82.3,,,1.4,26.4,1.9,0.8,3.1,4.9,8.3,6.2,4.5,2.9,2.5,2.8,3.1,1.3,2.5,2.0,1.6,1.1,0.9,1.1,,,2.3,33.2,,,7.3,,,1.1,24.0,,,1.6,0.8,1.4,3.4,7.5,7.2,4.4,3.5,3.0,2.8,3.0,0.8,2.2,2.5,1.5,1.2,0.8,0.8,,,0.9,13.6,,,,76405.0,,,,1.0,8.4,,,67.5,78579.0
106,17.7,3.7,,,0.4,2.5,,,,,1.2,80.3,,,1.2,24.9,1.8,0.9,2.1,4.8,8.4,5.5,3.7,3.1,2.5,3.0,2.6,1.2,3.2,2.9,2.8,1.8,1.3,1.6,,,2.2,35.2,,,7.4,,,1.1,27.5,,,1.9,1.0,1.2,4.0,7.1,5.7,3.9,2.7,3.0,2.4,2.9,1.0,2.2,2.5,1.8,1.3,1.1,1.0,,,0.8,18.0,,,,159623.0,,,,0.9,9.0,,,68.2,165052.0
107,9.3,6.1,,,0.4,3.3,,,,,1.0,75.3,,,1.1,22.9,2.6,2.1,1.5,2.6,4.7,5.2,4.0,4.0,3.4,3.5,3.5,2.3,3.6,3.8,3.2,1.8,1.3,1.9,,,1.9,32.3,,,15.9,,,1.1,32.4,,,2.8,1.8,1.4,1.4,4.1,4.3,3.4,3.2,3.3,3.3,2.7,1.8,3.0,2.7,2.3,1.1,0.9,1.3,,,0.7,20.4,,,,212034.0,,,,0.8,15.2,,,65.9,211073.0
108,10.2,2.3,,,0.3,2.0,,,,,1.2,80.5,,,1.4,23.6,2.4,1.6,1.1,2.3,7.0,6.9,4.2,3.2,3.3,3.3,3.0,2.3,2.9,3.5,3.0,2.5,1.6,1.8,,,2.0,32.5,,,9.7,,,1.1,31.4,,,2.9,1.8,1.3,1.5,3.6,4.7,3.9,2.8,3.0,3.0,2.7,1.9,2.5,2.4,1.9,1.6,1.2,1.4,,,0.7,20.8,,,,215449.0,,,,0.9,14.6,,,75.3,219920.0
109,8.3,22.6,,,0.6,3.8,,,,,1.6,43.9,,,1.5,34.9,2.2,1.8,4.1,7.0,6.4,4.3,3.6,2.4,2.9,3.2,2.1,2.1,2.6,1.8,1.6,1.5,1.3,1.1,,,2.3,45.4,,,40.0,,,1.9,36.7,,,2.3,2.3,3.4,5.8,6.6,4.8,3.2,2.4,2.9,2.9,2.4,2.1,2.3,1.6,0.7,0.8,0.6,0.5,,,0.6,11.5,,,,112573.0,,,,0.9,15.5,,,25.6,110193.0
110,3.3,53.2,,,0.6,6.2,,,,,1.2,39.0,,,1.3,24.7,3.4,2.7,2.4,3.7,6.1,5.6,4.4,3.2,3.6,3.9,3.2,2.6,2.7,2.0,1.5,0.8,1.0,1.3,,,1.7,39.0,,,26.0,,,1.5,37.4,,,3.5,2.4,2.2,3.6,5.1,4.3,3.6,3.2,3.1,3.8,2.5,2.7,2.3,1.4,0.9,0.8,0.2,0.2,,,0.5,10.1,,,,147194.0,,,,1.0,20.3,,,14.4,127592.0
111,7.6,31.6,,,0.6,5.2,,,,,1.3,31.3,,,1.2,23.5,2.8,2.6,3.2,4.0,4.9,4.3,4.2,3.5,3.4,3.5,3.5,2.5,2.9,2.3,1.6,1.7,1.2,1.4,,,1.8,38.5,,,44.9,,,1.8,35.5,,,2.9,3.2,3.1,4.0,5.2,4.2,3.2,2.8,2.4,3.2,2.4,2.8,2.4,1.5,1.0,0.8,0.5,0.7,,,0.5,12.8,,,,128205.0,,,,1.1,20.4,,,13.7,120511.0
112,3.2,7.2,,,0.6,6.0,,,,,1.0,33.9,,,1.3,46.7,2.6,2.1,2.4,3.6,5.6,4.8,3.7,3.0,3.2,3.0,3.1,2.3,3.1,2.5,2.0,1.6,1.0,1.6,,,1.6,43.3,,,68.5,,,1.7,41.0,,,2.7,2.4,2.3,3.9,6.1,5.2,4.0,3.3,3.1,2.9,2.8,2.4,2.3,2.0,1.3,1.0,0.7,0.6,,,0.5,14.2,,,,208994.0,,,,0.8,17.1,,,19.5,190020.0
164,,66.7,,,,,,,,,,,,,,,33.3,,33.3,,,,33.3,,,,,,,,,,,,,,,,,,33.3,,,,,,,,,,,,,,,,,,,,,,,,,,,,,,,,3.0,,,,62.9,33.3,,,,25.0
201,0.5,28.8,,,0.8,6.4,,,,,1.0,11.3,,,1.6,29.3,3.6,3.5,4.2,4.3,4.1,4.1,3.7,3.2,3.5,3.2,2.7,4.4,2.2,1.5,1.3,1.1,0.9,1.0,,,2.1,49.4,,,67.3,,,2.5,42.5,,,4.6,4.2,3.7,4.4,4.4,3.8,3.2,2.2,2.5,2.7,2.4,4.5,1.6,0.9,1.1,0.8,0.3,0.1,,,0.5,9.0,,,,101542.0,,,,1.3,29.7,,,2.1,96907.0
202,1.1,28.4,,,0.8,6.4,,,,,1.2,14.2,,,1.8,34.6,3.3,3.4,3.8,3.3,4.5,4.6,4.1,2.9,3.5,3.3,2.6,3.5,2.1,1.8,1.3,1.1,0.8,0.8,,,2.5,53.8,,,67.7,,,2.9,44.9,,,4.6,4.0,3.8,4.5,4.4,4.2,3.1,2.5,2.7,2.8,2.8,4.1,2.0,1.1,0.8,0.8,0.3,0.3,,,0.6,9.2,,,,70144.0,,,,1.2,27.5,,,1.9,68783.0
203,0.8,35.8,,,0.7,6.6,,,,,1.1,14.1,,,1.3,31.7,4.4,4.0,3.7,3.9,4.8,4.2,4.0,3.1,3.5,3.1,3.4,4.0,2.3,1.9,1.5,0.9,0.6,0.7,,,2.0,48.0,,,61.0,,,2.6,43.9,,,4.5,3.8,3.6,3.9,4.4,2.9,2.7,2.4,2.6,2.7,2.8,4.0,2.1,1.4,0.8,0.8,0.4,0.2,,,0.5,9.2,,,,110290.0,,,,1.1,29.1,,,1.2,100062.0
204,1.3,28.7,,,0.6,6.4,,,,,1.0,15.8,,,1.3,42.7,3.5,4.3,3.7,3.9,4.2,3.9,3.5,3.7,3.4,3.7,3.0,4.1,2.5,1.9,1.6,1.0,0.7,0.8,,,1.7,54.0,,,66.2,,,1.8,41.9,,,3.5,3.7,4.1,4.1,3.9,3.5,3.0,3.0,3.0,2.8,2.7,3.7,2.0,1.3,0.9,0.6,0.4,0.3,,,0.5,9.7,,,,161994.0,,,,1.0,27.7,,,1.9,157142.0
205,1.1,26.6,,,0.7,7.3,,,,,0.9,11.8,,,1.3,42.3,4.8,3.7,4.0,4.4,4.9,3.8,3.7,3.1,3.6,3.9,2.8,3.6,2.2,1.9,1.3,1.0,0.4,0.4,,,1.7,58.2,,,69.8,,,1.9,43.5,,,4.3,3.6,3.9,4.2,4.5,3.4,2.8,2.5,2.4,3.5,2.4,4.2,1.7,1.3,1.0,0.5,0.2,0.2,,,0.4,8.2,,,,137213.0,,,,1.0,28.9,,,1.3,134249.0
206,1.3,27.0,,,0.8,8.4,,,,,1.1,12.6,,,1.5,32.6,4.8,3.5,4.3,5.3,4.6,3.7,3.4,3.1,3.1,3.3,2.6,3.5,2.1,1.9,1.5,0.9,0.7,0.6,,,2.0,55.1,,,64.3,,,2.4,44.4,,,3.7,4.1,4.7,4.6,4.8,3.0,2.4,2.4,2.5,2.8,2.4,4.0,1.9,1.4,1.0,0.9,0.3,0.3,,,0.5,9.6,,,,108893.0,,,,1.2,28.3,,,6.1,106379.0
207,5.3,15.3,,,0.7,7.2,,,,,0.9,17.0,,,1.5,44.0,4.5,3.5,3.6,4.0,4.5,4.3,3.6,2.8,3.1,3.5,2.9,3.4,2.7,1.8,1.6,0.9,0.7,0.7,,,1.7,53.8,,,70.5,,,2.0,45.0,,,4.2,3.4,3.6,4.0,4.7,4.5,3.2,2.7,3.0,2.8,2.3,3.1,2.3,1.4,1.0,0.7,0.4,0.3,,,0.5,9.6,,,,169448.0,,,,1.0,25.9,,,6.6,162603.0
208,4.1,12.7,,,0.6,5.0,,,,,1.2,40.9,,,1.7,33.3,3.1,2.2,2.3,3.2,3.7,3.9,3.5,3.0,3.4,3.3,3.2,3.0,3.4,3.2,2.3,2.3,1.5,2.7,,,2.3,45.1,,,47.6,,,2.2,46.4,,,3.8,2.6,2.7,3.0,3.7,3.5,2.8,3.0,3.1,2.5,2.8,3.1,2.4,2.8,1.6,1.3,1.0,1.0,,,0.7,19.7,,,,108180.0,,,,1.0,20.6,,,33.2,104965.0
209,6.6,29.1,,,0.5,6.0,,,,,0.9,17.2,,,1.2,32.7,3.3,3.4,2.9,4.1,4.3,3.8,3.8,3.2,3.5,3.7,3.4,3.0,3.1,2.4,1.8,1.5,0.9,0.9,,,1.7,49.0,,,59.1,,,1.9,46.2,,,3.9,3.3,3.2,3.9,4.2,3.5,3.0,2.4,3.3,2.7,2.5,4.0,2.3,1.6,1.3,1.0,0.6,0.3,,,0.5,12.4,,,,189209.0,,,,0.8,24.6,,,2.7,182084.0
210,5.2,23.2,,,0.6,4.3,,,,,1.3,27.0,,,1.3,22.4,2.9,2.4,2.5,2.9,4.1,3.3,3.8,3.0,3.6,3.7,3.4,2.5,3.7,3.0,2.6,2.4,1.5,2.3,,,2.7,40.2,,,42.8,,,2.5,44.6,,,2.8,3.0,2.7,3.5,2.8,2.9,3.0,3.6,3.0,3.1,2.7,2.8,3.1,2.2,2.0,1.3,1.1,0.7,,,0.8,19.0,,,,130526.0,,,,1.1,19.4,,,26.4,126951.0
211,7.5,21.7,,,0.6,6.0,,,,,1.0,24.0,,,1.2,33.9,2.9,2.8,2.9,3.4,4.4,3.9,3.6,3.7,3.1,3.4,3.2,3.0,3.0,2.4,1.6,1.4,1.4,1.6,,,2.1,49.4,,,48.4,,,1.9,43.9,,,3.4,3.0,3.3,2.9,4.5,3.6,3.3,3.5,3.1,3.3,2.9,3.4,2.3,2.0,1.4,1.1,0.7,0.6,,,0.6,14.2,,,,138593.0,,,,1.1,22.6,,,20.5,131750.0
212,3.2,60.7,,,0.5,6.0,,,,,1.0,23.9,,,1.1,37.5,3.0,3.0,3.5,3.9,4.7,3.4,3.5,3.2,3.9,3.8,3.8,2.8,3.4,2.5,2.2,2.0,1.1,1.3,,,2.0,48.8,,,27.7,,,2.0,47.8,,,3.0,3.2,3.0,3.7,3.5,2.4,2.6,3.4,2.8,3.0,2.8,3.2,2.7,2.0,1.4,1.1,0.8,0.5,,,0.6,14.9,,,,213735.0,,,,0.9,22.0,,,6.2,198740.0
226,,42.4,,,16.8,13.3,,,,,6.2,8.3,,,6.0,11.6,3.3,1.4,4.4,5.0,10.2,5.8,6.9,,1.4,,4.2,21.9,1.7,,1.7,1.4,1.4,,,,26.4,65.3,,,24.1,,,0.0,0.0,,,8.0,1.4,1.7,1.7,1.7,,3.3,,,,,1.4,4.7,1.4,1.4,1.4,,1.4,,,3.6,10.0,,,,361.0,,,,24.4,43.5,,,4.2,39.0
227,,79.2,,,10.3,11.8,,,,,40.2,45.8,,,48.0,40.3,,5.6,5.6,15.3,12.5,1.4,5.6,,,6.9,,,6.9,,5.6,,,,,,,,,,15.3,,,0.0,0.0,,,,,,6.9,,,,,6.9,,6.9,,,5.6,,8.3,,,,,15.7,19.4,,,,72.0,,,,7.9,5.6,,,5.6,1351.0
228,1.5,61.0,,,2.6,4.8,,,,,4.8,29.5,,,6.2,28.1,3.3,0.6,2.6,2.4,2.0,3.9,4.4,5.2,3.9,3.1,2.4,2.9,6.5,3.0,3.4,3.7,1.9,2.7,,,10.2,40.9,,,23.1,,,9.2,46.5,,,2.4,2.2,5.1,3.3,2.0,2.2,3.2,2.9,3.1,4.2,1.3,0.6,1.8,3.0,2.8,0.7,0.9,0.4,,,1.6,22.4,,,,9439.0,,,,3.9,16.6,,,5.1,9399.0
301,6.3,5.8,,,0.5,4.0,,,,,1.0,47.0,,,0.8,21.5,4.1,2.7,2.3,3.6,7.2,6.2,4.4,2.8,2.2,1.9,2.1,3.2,2.1,1.7,1.1,1.0,0.8,0.9,,,1.5,40.7,,,24.1,,,1.0,34.3,,,4.6,2.9,2.7,2.9,6.5,7.0,4.9,3.0,2.3,2.0,2.0,3.2,1.8,1.6,0.8,0.8,0.3,0.4,,,0.4,9.3,,,,189460.0,,,,0.9,24.0,,,61.3,173083.0
302,10.2,21.3,,,0.4,4.4,,,,,0.8,67.1,,,0.8,19.7,3.2,1.8,2.4,4.1,6.6,6.9,5.2,3.9,3.3,2.5,2.3,2.2,2.5,2.0,1.4,1.0,0.8,0.9,,,1.4,29.9,,,13.6,,,0.9,33.8,,,3.3,1.8,2.0,3.1,6.2,6.2,4.9,3.8,3.4,2.2,2.3,2.1,2.1,1.4,0.8,0.7,0.4,0.4,,,0.4,9.9,,,,163075.0,,,,0.7,16.6,,,50.1,137761.0
303,3.8,53.8,,,0.5,5.4,,,,,1.0,36.3,,,0.9,20.4,3.4,2.6,3.0,4.8,6.4,4.9,4.3,3.1,2.9,3.3,3.2,2.9,2.6,1.9,1.5,1.3,0.9,0.8,,,1.5,44.3,,,18.3,,,1.3,41.6,,,3.7,3.1,2.9,3.9,5.7,4.6,3.4,2.6,2.8,2.4,2.3,3.0,2.0,1.6,1.1,0.6,0.4,0.4,,,0.4,10.4,,,,177099.0,,,,0.9,22.3,,,21.5,162290.0
304,5.4,18.0,,,0.5,5.3,,,,,1.2,28.6,,,1.4,32.6,3.2,2.7,2.7,5.4,6.8,5.0,3.8,2.9,2.5,2.7,2.4,2.8,2.1,1.7,1.4,0.9,0.6,0.6,,,1.9,49.1,,,56.2,,,1.7,41.8,,,3.2,2.8,2.5,5.2,8.2,5.7,3.8,3.2,2.4,2.5,2.0,3.0,1.4,1.3,0.9,0.6,0.6,0.2,,,0.5,8.8,,,,113441.0,,,,1.1,20.9,,,18.3,112634.0
305,3.6,55.2,,,0.4,4.7,,,,,0.8,14.6,,,1.0,35.7,3.9,3.3,3.1,4.0,4.4,4.1,3.7,3.6,4.0,3.7,3.3,3.8,3.1,2.2,1.7,1.1,0.9,1.0,,,1.7,50.8,,,35.6,,,1.7,45.0,,,3.8,3.4,3.3,3.5,3.8,3.1,3.0,2.6,2.5,3.1,2.8,3.6,2.1,1.5,1.1,0.8,0.4,0.5,,,0.4,11.3,,,,190458.0,,,,0.9,25.7,,,3.4,186444.0
306,6.8,9.6,,,0.5,4.2,,,,,0.8,70.8,,,0.8,16.5,3.9,1.9,1.7,2.5,5.5,6.7,5.6,4.2,3.6,2.8,2.4,3.1,2.4,2.1,1.6,1.0,0.8,0.7,,,1.7,27.7,,,16.8,,,1.1,38.0,,,4.3,2.3,1.8,1.5,4.3,5.8,5.1,4.3,3.8,2.6,2.3,2.6,2.0,1.6,1.3,0.7,0.5,0.3,,,0.5,10.7,,,,131528.0,,,,0.8,21.0,,,61.6,117129.0
307,28.6,2.7,,,0.4,3.8,,,,,0.9,35.0,,,1.0,43.3,3.8,2.4,2.5,3.0,5.1,4.9,4.5,3.5,3.4,3.2,2.4,3.3,2.4,1.8,1.2,1.0,0.8,0.8,,,1.8,45.4,,,38.7,,,1.4,43.0,,,3.9,3.1,2.1,2.7,5.2,5.3,4.6,3.8,3.4,3.3,2.5,3.4,2.1,1.8,1.1,0.8,0.7,0.3,,,0.5,10.3,,,,153032.0,,,,0.8,22.8,,,27.6,154947.0
308,4.1,52.8,,,0.5,4.6,,,,,1.2,45.1,,,1.2,29.5,3.1,2.5,2.2,3.6,6.7,6.0,4.3,3.7,3.2,3.6,3.1,2.2,2.7,2.3,1.7,1.2,0.7,1.1,,,1.8,41.8,,,12.0,,,1.5,41.2,,,3.4,2.1,2.4,3.7,5.7,4.7,3.9,3.3,2.9,2.2,2.4,2.5,2.2,1.7,1.2,0.8,0.5,0.4,,,0.6,11.6,,,,120909.0,,,,0.9,18.8,,,27.4,114545.0
309,1.9,63.7,,,0.6,5.4,,,,,1.2,31.4,,,1.3,39.9,3.5,3.1,2.8,3.4,5.9,4.5,3.9,2.9,3.4,3.6,3.6,2.6,3.2,2.7,2.1,1.5,1.1,1.2,,,1.9,48.5,,,8.8,,,1.7,42.8,,,3.0,2.8,3.0,3.7,5.2,4.4,3.2,2.7,2.4,2.4,2.3,2.9,2.4,1.6,1.3,0.9,0.6,0.5,,,0.6,13.4,,,,124331.0,,,,1.1,21.6,,,22.9,121581.0
310,26.5,2.5,,,0.4,4.0,,,,,0.8,38.3,,,0.9,40.9,3.2,2.6,2.6,2.7,3.9,4.0,3.5,3.3,3.3,3.5,3.3,2.6,3.1,2.8,1.9,1.4,1.3,1.7,,,1.8,44.4,,,19.5,,,1.4,44.4,,,3.3,2.6,2.2,2.9,4.4,4.5,3.5,3.2,3.4,3.5,3.2,2.9,3.0,2.2,1.7,1.2,0.8,0.7,,,0.5,15.7,,,,144004.0,,,,0.7,20.1,,,49.5,142292.0
311,40.0,1.0,,,0.3,4.1,,,,,0.8,30.2,,,0.8,54.8,3.7,2.5,2.4,2.8,3.8,3.8,3.5,3.6,3.4,3.5,3.3,2.8,3.1,2.6,1.7,1.4,1.4,1.7,,,1.6,50.6,,,15.8,,,1.3,46.1,,,3.5,3.1,2.5,3.0,4.0,3.9,3.6,3.4,3.2,3.4,3.3,3.2,2.8,2.3,1.3,1.2,0.9,0.9,,,0.4,15.3,,,,207025.0,,,,0.7,21.8,,,41.2,198239.0
312,22.5,2.3,,,0.3,3.3,,,,,0.8,28.9,,,0.8,35.4,5.5,4.3,3.2,2.9,3.8,3.4,3.0,3.0,2.6,2.2,2.3,4.3,2.4,2.5,1.2,1.1,1.0,1.3,,,1.6,57.9,,,12.7,,,1.2,38.5,,,6.0,4.3,3.6,3.3,3.5,3.6,3.3,3.0,2.5,2.5,2.3,4.7,2.4,2.0,1.1,0.8,0.5,0.7,,,0.4,12.1,,,,220187.0,,,,1.0,33.6,,,60.3,229332.0
313,16.9,9.8,,,0.6,4.4,,,,,1.3,37.5,,,1.0,53.1,3.1,2.3,2.5,2.7,3.0,3.2,2.9,3.2,3.3,3.5,3.5,2.7,3.8,4.0,2.7,2.9,2.0,2.5,,,2.1,45.5,,,16.5,,,2.2,47.0,,,3.2,2.9,2.3,2.6,3.9,2.5,2.7,2.4,2.8,3.1,3.2,2.8,2.7,3.0,1.8,1.9,1.3,1.2,,,0.6,23.3,,,,127081.0,,,,1.0,19.9,,,53.8,127409.0
314,9.6,32.8,,,0.4,4.2,,,,,0.8,37.0,,,0.9,41.7,3.9,3.4,2.9,3.7,4.3,4.1,3.5,3.4,3.1,3.1,3.2,3.6,3.1,2.5,1.5,1.5,0.9,1.3,,,1.5,48.5,,,14.2,,,1.2,42.9,,,4.0,3.4,3.3,3.2,3.9,3.7,3.5,3.0,2.5,2.6,2.5,3.4,2.5,2.0,1.5,1.0,0.6,0.6,,,0.4,13.3,,,,197365.0,,,,0.9,25.7,,,40.4,195428.0
315,18.3,3.5,,,0.3,3.6,,,,,0.9,40.9,,,0.8,50.5,3.5,2.5,2.2,2.5,3.7,3.4,3.4,3.0,3.1,3.3,3.6,2.9,3.6,3.2,2.4,1.7,1.4,2.0,,,1.7,48.4,,,10.0,,,1.4,46.4,,,3.9,3.2,2.6,2.9,3.6,3.2,2.9,3.0,3.0,3.0,3.2,3.0,3.2,2.9,1.8,1.5,0.9,1.0,,,0.5,18.7,,,,197678.0,,,,0.7,22.0,,,65.2,192068.0
316,1.4,73.6,,,0.7,6.7,,,,,1.0,15.8,,,1.2,30.7,3.4,3.1,3.0,3.5,5.1,4.0,4.0,4.1,4.0,4.5,3.3,2.7,3.2,2.5,1.7,1.4,1.3,0.9,,,2.2,54.3,,,21.0,,,3.1,47.8,,,3.5,3.5,3.4,3.6,4.0,3.1,2.7,2.3,2.8,2.7,2.7,3.2,2.0,1.6,1.2,0.9,0.3,0.4,,,0.6,12.4,,,,101022.0,,,,1.6,23.6,,,2.8,103064.0
317,1.6,85.3,,,0.4,4.7,,,,,0.9,24.5,,,1.0,51.4,2.9,3.0,3.0,3.4,4.4,4.0,3.4,3.8,4.0,3.8,3.9,2.8,3.7,3.1,2.4,1.7,1.2,1.3,,,1.7,49.1,,,8.2,,,1.6,47.7,,,3.0,2.8,2.8,3.2,3.8,3.3,2.6,3.3,2.7,2.9,2.5,3.0,2.4,2.0,1.8,1.1,0.8,0.5,,,0.4,15.8,,,,176485.0,,,,0.8,21.1,,,3.1,176425.0
318,4.9,61.7,,,0.3,4.2,,,,,0.7,31.2,,,0.7,39.8,3.0,3.4,3.0,3.3,3.7,3.6,3.3,3.6,3.5,3.9,3.9,3.1,3.9,3.2,2.1,1.4,1.1,1.3,,,1.9,41.7,,,9.1,,,1.3,48.5,,,3.4,3.3,3.2,3.1,3.4,2.9,2.7,2.9,2.8,2.8,3.1,3.1,2.8,2.4,1.5,1.1,0.6,0.6,,,0.4,15.3,,,,227899.0,,,,0.7,23.3,,,22.5,211990.0
355,7.1,2.7,,,1.7,3.2,,,,,4.1,82.6,,,4.1,15.4,3.2,0.6,0.6,2.7,8.0,7.3,4.5,6.2,1.1,2.1,1.2,1.8,3.4,2.2,1.3,2.1,0.5,0.5,,,10.7,26.9,,,7.7,,,5.1,36.2,,,5.4,2.1,2.6,0.5,5.3,5.5,7.6,4.1,2.1,1.6,2.3,1.6,2.7,1.7,3.6,1.3,,0.8,,,3.6,13.9,,,,5314.0,,,,3.6,17.9,,,78.7,5036.0
356,2.0,55.2,,,1.8,4.9,,,,,4.0,29.6,,,2.7,21.5,3.9,3.5,3.0,4.8,5.6,3.6,4.7,4.3,5.0,3.5,2.4,3.5,3.5,3.6,2.5,0.7,0.9,0.3,,,6.6,30.5,,,16.1,,,6.5,48.5,,,4.1,4.4,2.7,3.2,1.8,1.9,2.7,2.3,2.9,1.7,1.8,3.8,1.9,2.4,1.3,1.1,0.4,0.2,,,1.7,13.3,,,,10932.0,,,,4.0,26.7,,,25.5,8556.0
401,15.3,8.5,,,0.4,4.2,,,,,0.9,44.4,,,0.9,39.1,2.1,1.7,1.8,3.4,7.1,6.2,4.1,2.8,2.8,2.9,2.7,1.8,2.3,2.4,1.7,1.3,0.9,1.2,,,1.4,37.6,,,26.9,,,1.1,40.0,,,2.5,1.9,2.1,3.5,7.2,6.5,5.2,3.6,3.4,3.0,2.6,2.0,2.3,1.7,1.3,1.0,0.6,0.5,,,0.5,12.6,,,,179467.0,,,,0.7,14.1,,,46.4,191105.0
402,35.5,3.8,,,0.4,3.3,,,,,1.0,38.4,,,1.2,53.4,2.8,1.9,2.1,2.5,5.1,4.9,4.5,3.9,3.4,2.7,3.0,2.3,2.7,2.2,1.7,1.4,0.9,1.0,,,1.8,41.5,,,31.4,,,1.4,37.6,,,2.8,2.5,1.8,2.8,4.9,5.1,5.3,5.3,4.1,3.5,2.8,2.3,2.5,1.9,1.5,1.1,0.6,0.3,,,0.6,12.6,,,,148787.0,,,,0.9,17.2,,,26.7,145170.0
403,16.9,5.0,,,0.3,3.4,,,,,0.8,20.9,,,1.0,58.8,3.6,2.7,2.5,3.0,3.9,4.2,4.0,3.4,3.2,3.0,2.7,2.9,2.5,2.4,2.0,1.1,1.0,1.1,,,2.0,52.7,,,64.5,,,1.7,42.8,,,3.7,3.2,2.6,3.1,4.1,4.8,4.7,4.5,4.0,3.4,3.1,2.8,2.0,1.8,1.2,1.0,0.6,0.5,,,0.6,12.8,,,,186791.0,,,,0.8,22.1,,,12.2,198172.0
404,32.2,4.9,,,0.3,3.1,,,,,0.9,21.5,,,0.9,63.8,3.6,3.1,2.4,3.1,4.2,4.1,3.7,3.4,3.1,2.9,2.7,3.1,2.8,2.1,1.7,1.2,0.8,1.0,,,1.9,54.0,,,55.1,,,1.7,43.6,,,3.6,3.0,2.9,3.4,4.7,4.7,4.2,4.4,3.7,3.3,2.7,3.3,2.4,1.8,1.3,0.9,0.5,0.4,,,0.5,11.6,,,,206053.0,,,,0.9,23.1,,,6.1,211970.0
405,9.9,1.4,,,0.3,3.4,,,,,0.8,28.3,,,1.0,40.0,3.1,3.3,2.5,2.9,3.9,4.2,4.3,3.2,3.7,3.3,3.4,2.8,3.1,2.2,1.4,1.4,1.1,1.2,,,1.7,40.4,,,36.2,,,1.3,42.4,,,3.1,2.7,2.9,3.2,4.0,4.2,4.0,3.4,3.5,3.6,3.3,3.3,2.6,1.8,1.2,0.9,0.5,0.6,,,0.4,12.4,,,,189000.0,,,,0.8,21.9,,,50.7,175522.0
406,28.0,3.3,,,0.4,2.8,,,,,1.1,55.8,,,1.2,48.5,2.9,2.0,1.5,1.9,3.6,4.3,4.3,3.7,3.4,3.4,4.2,2.9,3.9,3.4,2.7,2.0,1.8,2.2,,,2.1,42.7,,,16.7,,,1.4,43.7,,,3.6,1.9,1.4,1.9,3.3,4.2,3.3,3.2,3.1,2.9,3.7,2.1,3.2,3.0,1.8,1.4,1.0,1.0,,,0.6,20.3,,,,128579.0,,,,0.8,17.2,,,48.1,124189.0
407,52.2,2.0,,,0.2,2.5,,,,,0.7,26.8,,,0.8,56.3,2.7,2.3,1.9,2.9,3.8,3.5,3.2,3.5,3.9,4.1,3.9,2.3,3.5,3.0,2.2,2.1,1.6,2.0,,,1.8,56.7,,,17.7,,,1.2,41.0,,,3.1,2.4,2.2,2.4,3.5,3.3,3.2,3.2,3.5,3.9,3.4,2.2,3.1,2.6,2.1,1.5,1.2,1.0,,,0.5,19.2,,,,259477.0,,,,0.6,17.6,,,25.9,261566.0
408,34.7,12.1,,,0.5,5.2,,,,,1.1,38.3,,,1.1,47.6,3.6,2.6,3.3,3.4,4.1,3.6,3.3,3.3,3.2,3.4,3.6,2.5,3.9,2.7,1.7,1.4,1.1,1.2,,,2.3,48.5,,,20.7,,,1.6,44.3,,,3.5,2.6,3.2,3.5,3.6,4.1,2.8,3.2,2.9,2.8,3.5,2.9,3.0,2.3,1.7,1.0,0.9,0.7,,,0.5,14.7,,,,179066.0,,,,0.9,20.8,,,27.8,170338.0
409,27.4,5.8,,,0.3,4.3,,,,,0.8,26.5,,,0.9,51.0,3.1,2.6,3.1,3.9,4.1,3.4,3.4,3.4,3.6,3.6,3.7,2.7,2.9,2.4,1.6,1.1,0.7,1.0,,,1.9,47.8,,,41.4,,,1.4,46.4,,,3.4,3.2,3.3,3.6,4.5,3.8,3.4,3.2,3.8,3.4,3.3,3.1,2.8,1.9,1.3,0.9,0.5,0.5,,,0.4,11.9,,,,162663.0,,,,0.7,22.0,,,17.3,155118.0
410,24.0,13.9,,,0.4,4.8,,,,,1.1,22.3,,,1.2,45.2,2.7,3.1,2.9,4.0,3.8,3.2,3.1,3.4,3.7,3.8,4.1,2.5,3.2,2.7,1.7,1.5,0.9,1.2,,,3.2,50.0,,,25.7,,,1.8,46.2,,,3.1,3.3,3.0,3.2,3.8,3.0,3.0,3.2,3.4,4.0,3.7,2.3,3.2,2.1,1.4,1.3,0.7,0.6,,,0.6,14.2,,,,138765.0,,,,0.9,20.7,,,21.6,125760.0
411,45.3,1.8,,,0.4,2.7,,,,,1.1,42.1,,,1.0,43.7,2.3,2.5,2.3,2.2,3.1,3.1,3.1,3.7,3.6,4.4,3.9,2.1,3.7,3.5,2.4,1.9,1.4,2.1,,,2.9,43.6,,,11.0,,,1.6,44.3,,,3.0,2.7,2.5,2.2,3.2,2.8,3.3,3.0,3.4,3.9,3.8,2.5,3.3,3.3,2.2,1.6,1.1,1.2,,,0.6,20.7,,,,128135.0,,,,0.8,18.2,,,39.6,125734.0
412,14.2,59.5,,,0.4,5.9,,,,,0.7,22.5,,,0.8,43.2,3.1,2.9,3.1,3.5,4.1,3.6,3.6,3.3,3.7,4.0,3.8,2.9,3.2,2.7,1.9,1.4,1.0,1.3,,,1.7,47.1,,,16.3,,,1.4,48.6,,,3.3,3.5,3.0,3.5,4.1,3.5,3.0,2.8,3.0,3.4,3.2,2.8,2.7,1.9,1.2,0.9,0.5,0.5,,,0.4,13.3,,,,272534.0,,,,0.7,22.5,,,2.6,251645.0
413,15.6,55.6,,,0.3,4.4,,,,,0.8,29.6,,,0.9,42.4,3.0,2.6,2.8,3.2,3.8,3.3,3.2,3.2,3.7,4.2,4.0,2.6,3.7,2.9,2.3,1.7,1.3,1.5,,,2.5,43.5,,,12.5,,,1.4,47.4,,,2.9,2.7,2.7,3.4,3.5,3.4,3.0,2.8,3.0,3.4,3.4,2.7,3.1,2.2,2.1,1.2,0.7,0.6,,,0.4,16.6,,,,208220.0,,,,0.7,19.9,,,10.7,194096.0
414,3.8,35.8,,,0.7,5.1,,,,,1.4,29.8,,,1.3,26.7,4.2,3.5,2.7,3.2,3.5,3.5,3.3,3.0,3.5,3.9,3.4,4.0,2.9,2.6,1.9,1.3,1.0,1.2,,,2.5,42.0,,,23.9,,,2.9,51.1,,,4.5,3.3,3.3,3.0,3.6,2.6,2.6,1.8,2.9,3.2,3.6,4.0,2.9,2.1,1.3,1.0,0.9,0.8,,,0.6,14.1,,,,125898.0,,,,1.3,27.2,,,34.2,114978.0
480,5.6,4.2,,,1.4,1.9,,,,,5.1,34.5,,,6.4,38.4,1.8,0.3,1.5,3.4,3.8,3.9,4.2,2.5,4.0,4.4,2.2,2.8,2.8,6.9,2.8,1.0,1.0,1.3,,,16.6,44.1,,,16.9,,,9.9,39.6,,,4.0,3.4,3.1,2.4,2.8,3.3,3.3,4.9,3.4,1.9,2.5,0.8,4.8,2.9,2.2,1.5,1.4,0.5,,,4.9,21.6,,,,6014.0,,,,3.7,15.3,,,73.0,6151.0
481,18.6,8.0,,,3.4,3.3,,,,,4.2,53.6,,,6.1,43.0,3.3,2.7,0.8,2.5,3.3,3.4,3.8,3.4,2.5,5.0,5.0,2.8,5.1,2.5,2.6,0.9,1.8,2.1,,,10.7,48.8,,,32.5,,,7.8,44.8,,,3.0,2.4,0.8,2.5,4.2,5.4,1.8,1.9,6.0,2.8,1.8,1.1,5.3,2.9,1.9,0.3,0.4,1.9,,,3.5,17.4,,,,4009.0,,,,2.9,16.7,,,34.4,4072.0
482,16.6,2.5,,,1.6,1.8,,,,,7.9,61.4,,,7.5,49.8,3.3,2.2,,3.4,1.6,3.5,4.8,2.2,5.9,2.4,5.1,1.2,2.2,4.5,3.6,0.7,4.2,3.1,,,15.1,33.3,,,23.1,,,11.0,45.6,,,1.1,4.1,,3.4,3.6,4.0,3.5,3.2,2.7,3.6,6.3,1.1,0.8,1.6,4.9,1.0,,1.2,,,3.9,24.9,,,,2091.0,,,,5.0,12.8,,,53.5,2347.0
483,,,,,,,,,,,,,,,,,,,,,,,,,,,,,,,,,,,,,,,,,,,,,,,,,,,,,,,,,,,,,,,,,,,,,,,,,0.0,,,,,,,,,0.0
484,2.4,0.9,,,1.0,2.2,,,,,4.2,31.0,,,4.1,16.1,1.4,4.0,1.4,3.2,2.8,2.1,2.9,2.9,3.3,2.7,4.2,2.0,5.1,4.5,2.7,2.1,1.9,2.9,,,13.5,27.3,,,10.2,,,5.1,39.1,,,2.9,2.3,2.6,2.2,2.4,2.0,1.6,3.0,3.9,3.0,3.9,2.5,4.4,3.8,2.2,1.6,2.2,1.3,,,2.5,25.2,,,,19482.0,,,,2.1,18.3,,,84.6,18863.0
501,9.2,20.3,,,0.4,2.9,,,,,1.0,31.7,,,1.1,25.4,2.9,3.2,3.3,3.4,3.8,3.3,3.4,3.5,3.4,3.6,3.5,2.9,3.3,2.6,1.9,1.3,0.9,0.9,,,2.5,50.7,,,28.8,,,1.8,43.6,,,3.3,3.1,3.6,3.6,3.9,3.4,3.0,3.0,3.1,3.4,3.2,3.5,3.0,2.5,1.2,0.9,0.7,0.5,,,0.4,13.3,,,,181185.0,,,,1.0,23.2,,,38.8,184640.0
502,13.2,4.1,,,0.3,2.8,,,,,1.2,32.8,,,1.1,28.5,2.9,3.2,2.8,3.0,3.3,3.2,3.0,3.3,3.7,4.0,3.7,3.0,3.6,2.8,2.3,1.7,1.3,1.7,,,3.5,44.8,,,14.0,,,1.8,43.8,,,2.7,2.9,2.9,2.8,3.4,3.2,2.5,3.4,3.4,3.5,3.3,3.2,3.2,2.6,1.7,1.2,0.8,0.7,,,0.5,17.0,,,,145127.0,,,,0.8,21.5,,,66.3,142234.0
503,4.5,1.1,,,0.3,2.8,,,,,1.3,34.1,,,0.9,15.9,2.7,3.4,2.9,3.0,3.1,3.0,2.9,3.5,3.8,3.9,4.0,2.5,3.5,2.8,2.7,1.8,1.0,1.4,,,4.0,40.8,,,10.2,,,1.6,45.8,,,2.7,3.1,3.1,3.0,3.1,2.9,2.9,3.5,3.5,3.6,3.5,3.1,3.1,2.5,2.1,1.3,0.8,0.6,,,0.5,17.0,,,,167460.0,,,,0.7,21.3,,,82.9,162095.0
595,9.7,5.5,,,0.7,2.1,,,,,2.4,27.1,,,2.8,35.1,3.1,2.9,2.6,3.9,3.2,3.1,3.7,3.7,3.5,3.6,3.6,4.1,3.5,2.2,1.8,1.8,1.3,1.1,,,8.0,51.5,,,17.1,,,4.0,42.7,,,3.3,1.9,2.7,3.1,3.1,3.5,3.3,3.6,3.9,3.2,4.0,3.8,2.8,1.5,1.5,1.2,0.7,0.5,,,1.2,13.6,,,,35495.0,,,,1.6,21.9,,,64.8,36349.0
36005,,,0.2,6.3,,,,,0.3,19.8,,,,,,,,,,,,,,,,,,,,,,,,,0.6,50.9,,,,,,0.3,44.8,,,,,,,,,,,,,,,,,,,,,,,0.1,12.1,,,,,1437872.0,,,0.1,25.1,,,,,,
36081,,,0.1,4.0,,,,,0.3,31.5,,,,,,,,,,,,,,,,,,,,,,,,,0.5,46.2,,,,,,0.2,44.1,,,,,,,,,,,,,,,,,,,,,,,,14.8,,,,,2298513.0,,,,20.3,,,,,,
36085,,,0.2,2.8,,,,,0.7,33.0,,,,,,,,,,,,,,,,,,,,,,,,,1.7,46.5,,,,,,0.6,44.5,,,,,,,,,,,,,,,,,,,,,,,0.1,15.5,,,,,474101.0,,,0.1,22.0,,,,,,
36047,,,0.1,4.4,,,,,0.3,36.5,,,,,,,,,,,,,,,,,,,,,,,,,0.4,45.4,,,,,,0.2,42.6,,,,,,,,,,,,,,,,,,,,,,,0.1,13.2,,,,,2600747.0,,,,23.1,,,,,,
36061,,,0.1,3.8,,,,,0.4,60.8,,,,,,,,,,,,,,,,,,,,,,,,,0.5,36.4,,,,,,0.2,32.1,,,,,,,,,,,,,,,,,,,,,,,0.1,15.8,,,,,1632480.0,,,0.1,14.4,,,,,,
3651000,,,,,,,0.1,4.4,,,,,0.2,37.4,,,,,,,,,,,,,,,,,,,,,,,,,0.3,44.2,,,,,,0.1,41.2,,,,,,,,,,,,,,,,,,,,,,,0.1,14.1,,,8443713.0,,,,,0.1,20.9,,
